"id","run","trial","outcome_onset"
221322,1,"1","108170"
221322,1,"2","112273"
221322,1,"3","116777"
221322,1,"4","122465"
221322,1,"5","126385"
221322,1,"6","131356"
221322,1,"7","137644"
221322,1,"8","143199"
221322,1,"9","147769"
221322,1,"10","152223"
221322,1,"11","157060"
221322,1,"12","161163"
221322,1,"13","166284"
221322,1,"14","170804"
221322,1,"15","175158"
221322,1,"16","181163"
221322,1,"17","186534"
221322,1,"18","190537"
221322,1,"19","195425"
221322,1,"20","200796"
221322,1,"21","206000"
221322,1,"22","212055"
221322,1,"23","216408"
221322,1,"24","221679"
221322,1,"25","227167"
221322,1,"26","232238"
221322,1,"27","237509"
221322,1,"28","243380"
221322,1,"29","247233"
221322,1,"30","253105"
221322,1,"31","258076"
221322,1,"32","263180"
221322,1,"33","269485"
221322,1,"34","273772"
221322,1,"35","278109"
221322,1,"36","283546"
221322,1,"37","287433"
221322,1,"38","292070"
221322,1,"39","296674"
221322,1,"40","302729"
221322,1,"41","308483"
221322,1,"42","313637"
221322,1,"43","319042"
221322,1,"44","323679"
221322,1,"45","327983"
221322,1,"46","332803"
221322,1,"47","337557"
221322,1,"48","343112"
221322,1,"49","361710"
221322,1,"50","365263"
221322,1,"51","370350"
221322,1,"52","375721"
221322,1,"53","379324"
221322,1,"54","384679"
221322,1,"55","390066"
221322,1,"56","395337"
221322,1,"57","399624"
221322,1,"58","405562"
221322,1,"59","411317"
221322,1,"60","415871"
221322,1,"61","420458"
221322,1,"62","424995"
221322,1,"63","430066"
221322,1,"64","435637"
221322,1,"65","440207"
221322,1,"66","446746"
221322,1,"67","449632"
221322,1,"68","455837"
221322,1,"69","460157"
221322,1,"70","465027"
221322,1,"71","470715"
221322,1,"72","475252"
221322,1,"73","480624"
221322,1,"74","485594"
221322,1,"75","491199"
221322,1,"76","496587"
221322,1,"77","501357"
221322,1,"78","506194"
221322,1,"79","511949"
221322,1,"80","517220"
221322,1,"81","521790"
221322,1,"82","525927"
221322,1,"83","531532"
221322,1,"84","536652"
221322,1,"85","541657"
221322,1,"86","546410"
221322,1,"87","552582"
221322,1,"88","557303"
221322,1,"89","562007"
221322,1,"90","566994"
221322,1,"91","571464"
221322,1,"92","576819"
221322,1,"93","582924"
221322,1,"94","589095"
221322,1,"95","591597"
221322,1,"96","596518"
221322,1,"97","614249"
221322,1,"98","618803"
221322,1,"99","624774"
221322,1,"100","629812"
221322,1,"101","634749"
221322,1,"102","639603"
221322,1,"103","645391"
221322,1,"104","650545"
221322,1,"105","655266"
221322,1,"106","659653"
221322,1,"107","667159"
221322,1,"108","670145"
221322,1,"109","675466"
221322,1,"110","680353"
221322,1,"111","685357"
221322,1,"112","690795"
221322,1,"113","695949"
221322,1,"114","701720"
221322,1,"115","706241"
221322,1,"116","710995"
221322,1,"117","716866"
221322,1,"118","721370"
221322,1,"119","726474"
221322,1,"120","732379"
221322,1,"121","738067"
221322,1,"122","743638"
221322,1,"123","748692"
221322,1,"124","753529"
221322,1,"125","758433"
221322,1,"126","763404"
221322,1,"127","768091"
221322,1,"128","772795"
221322,1,"129","777065"
221322,1,"130","781552"
221322,1,"131","787073"
221322,1,"132","791227"
221322,1,"133","797282"
221322,1,"134","802336"
221322,1,"135","807156"
221322,1,"136","811943"
221322,1,"137","817331"
221322,1,"138","821635"
221322,1,"139","826205"
221322,1,"140","831693"
221322,1,"141","836547"
221322,1,"142","841251"
221322,1,"143","846021"
221322,1,"144","851309"
221611,1,"1","94029"
221611,1,"2","97816"
221611,1,"3","102820"
221611,1,"4","107241"
221611,1,"5","112062"
221611,1,"6","117683"
221611,1,"7","122421"
221611,1,"8","128293"
221611,1,"9","133564"
221611,1,"10","138101"
221611,1,"11","142972"
221611,1,"12","147309"
221611,1,"13","152614"
221611,1,"14","156784"
221611,1,"15","161722"
221611,1,"16","167861"
221611,1,"17","172481"
221611,1,"18","176702"
221611,1,"19","181523"
221611,1,"20","186894"
221611,1,"21","191715"
221611,1,"22","197136"
221611,1,"23","202374"
221611,1,"24","207846"
221611,1,"25","212850"
221611,1,"26","218205"
221611,1,"27","223476"
221611,1,"28","228297"
221611,1,"29","233601"
221611,1,"30","239156"
221611,1,"31","244628"
221611,1,"32","249382"
221611,1,"33","254286"
221611,1,"34","259507"
221611,1,"35","264062"
221611,1,"36","269216"
221611,1,"37","273320"
221611,1,"38","278307"
221611,1,"39","283078"
221611,1,"40","288616"
221611,1,"41","293888"
221611,1,"42","299609"
221611,1,"43","305131"
221611,1,"44","309768"
221611,1,"45","314189"
221611,1,"46","319143"
221611,1,"47","324765"
221611,1,"48","329702"
221611,1,"49","347785"
221611,1,"50","352055"
221611,1,"51","356359"
221611,1,"52","361330"
221611,1,"53","365767"
221611,1,"54","370988"
221611,1,"55","376326"
221611,1,"56","381464"
221611,1,"57","385935"
221611,1,"58","391473"
221611,1,"59","396944"
221611,1,"60","402416"
221611,1,"61","406720"
221611,1,"62","411507"
221611,1,"63","416245"
221611,1,"64","423318"
221611,1,"65","426504"
221611,1,"66","431491"
221611,1,"67","436379"
221611,1,"68","442134"
221611,1,"69","446204"
221611,1,"70","451659"
221611,1,"71","456463"
221611,1,"72","461584"
221611,1,"73","466239"
221611,1,"74","471543"
221611,1,"75","477365"
221611,1,"76","482102"
221611,1,"77","487474"
221611,1,"78","492662"
221611,1,"79","497966"
221611,1,"80","503137"
221611,1,"81","507842"
221611,1,"82","512546"
221611,1,"83","517283"
221611,1,"84","523255"
221611,1,"85","528143"
221611,1,"86","533381"
221611,1,"87","538785"
221611,1,"88","543773"
221611,1,"89","549094"
221611,1,"90","554049"
221611,1,"91","558603"
221611,1,"92","563107"
221611,1,"93","567894"
221611,1,"94","573699"
221611,1,"95","579087"
221611,1,"96","583208"
221611,1,"97","601790"
221611,1,"98","605444"
221611,1,"99","610815"
221611,1,"100","616387"
221611,1,"101","621291"
221611,1,"102","625178"
221611,1,"103","631500"
221611,1,"104","636488"
221611,1,"105","641509"
221611,1,"106","646146"
221611,1,"107","651968"
221611,1,"108","657006"
221611,1,"109","661977"
221611,1,"110","667081"
221611,1,"111","672102"
221611,1,"112","678024"
221611,1,"113","682912"
221611,1,"114","688833"
221611,1,"115","693371"
221611,1,"116","697991"
221611,1,"117","703680"
221611,1,"118","708351"
221611,1,"119","713655"
221611,1,"120","719444"
221611,1,"121","725165"
221611,1,"122","730503"
221611,1,"123","735791"
221611,1,"124","740295"
221611,1,"125","745283"
221611,1,"126","750404"
221611,1,"127","754958"
221611,1,"128","759395"
221611,1,"129","764566"
221611,1,"130","768553"
221611,1,"131","773875"
221611,1,"132","778145"
221611,1,"133","784234"
221611,1,"134","789355"
221611,1,"135","793925"
221611,1,"136","799113"
221611,1,"137","804184"
221611,1,"138","808555"
221611,1,"139","813209"
221611,1,"140","818447"
221611,1,"141","823151"
221611,1,"142","827705"
221611,1,"143","833293"
221611,1,"144","837881"
221668,1,"1","112794"
221668,1,"2","117966"
221668,1,"3","121969"
221668,1,"4","126807"
221668,1,"5","132495"
221668,1,"6","136799"
221668,1,"7","142504"
221668,1,"8","148209"
221668,1,"9","153513"
221668,1,"10","157734"
221668,1,"11","163606"
221668,1,"12","167025"
221668,1,"13","172680"
221668,1,"14","177034"
221668,1,"15","181671"
221668,1,"16","187043"
221668,1,"17","192331"
221668,1,"18","197035"
221668,1,"19","201355"
221668,1,"20","206910"
221668,1,"21","211898"
221668,1,"22","217052"
221668,1,"23","222357"
221668,1,"24","227628"
221668,1,"25","233417"
221668,1,"26","238271"
221668,1,"27","243476"
221668,1,"28","248530"
221668,1,"29","253251"
221668,1,"30","258872"
221668,1,"31","264544"
221668,1,"32","270983"
221668,1,"33","274203"
221668,1,"34","279324"
221668,1,"35","283778"
221668,1,"36","288115"
221668,1,"37","292735"
221668,1,"38","297423"
221668,1,"39","302794"
221668,1,"40","308232"
221668,1,"41","313587"
221668,1,"42","319559"
221668,1,"43","325014"
221668,1,"44","329918"
221668,1,"45","333738"
221668,1,"46","339160"
221668,1,"47","343447"
221668,1,"48","349285"
221668,1,"49","367268"
221668,1,"50","371454"
221668,1,"51","376125"
221668,1,"52","381447"
221668,1,"53","385383"
221668,1,"54","390621"
221668,1,"55","395993"
221668,1,"56","400814"
221668,1,"57","407186"
221668,1,"58","411356"
221668,1,"59","417245"
221668,1,"60","421582"
221668,1,"61","426436"
221668,1,"62","430990"
221668,1,"63","436161"
221668,1,"64","443117"
221668,1,"65","446637"
221668,1,"66","450958"
221668,1,"67","455545"
221668,1,"68","461300"
221668,1,"69","466271"
221668,1,"70","471275"
221668,1,"71","475796"
221668,1,"72","481818"
221668,1,"73","485988"
221668,1,"74","491226"
221668,1,"75","497915"
221668,1,"76","502486"
221668,1,"77","508091"
221668,1,"78","512028"
221668,1,"79","518083"
221668,1,"80","522437"
221668,1,"81","527291"
221668,1,"82","531945"
221668,1,"83","536833"
221668,1,"84","542771"
221668,1,"85","547809"
221668,1,"86","553914"
221668,1,"87","558335"
221668,1,"88","563623"
221668,1,"89","568727"
221668,1,"90","573465"
221668,1,"91","577452"
221668,1,"92","582873"
221668,1,"93","587477"
221668,1,"94","593182"
221668,1,"95","597720"
221668,1,"96","602457"
221668,1,"97","620756"
221668,1,"98","624943"
221668,1,"99","630365"
221668,1,"100","635686"
221668,1,"101","640907"
221668,1,"102","645511"
221668,1,"103","651133"
221668,1,"104","655971"
221668,1,"105","661242"
221668,1,"106","665679"
221668,1,"107","671401"
221668,1,"108","677523"
221668,1,"109","681693"
221668,1,"110","686597"
221668,1,"111","691619"
221668,1,"112","697023"
221668,1,"113","702445"
221668,1,"114","708066"
221668,1,"115","712787"
221668,1,"116","718042"
221668,1,"117","723463"
221668,1,"118","727750"
221668,1,"119","732821"
221668,1,"120","738576"
221668,1,"121","744715"
221668,1,"122","749903"
221668,1,"123","754907"
221668,1,"124","760579"
221668,1,"125","765216"
221668,1,"126","769787"
221668,1,"127","774408"
221668,1,"128","779295"
221668,1,"129","783749"
221668,1,"130","788370"
221668,1,"131","793324"
221668,1,"132","797978"
221668,1,"133","803583"
221668,1,"134","809322"
221668,1,"135","813475"
221668,1,"136","819447"
221668,1,"137","824018"
221668,1,"138","827938"
221668,1,"139","833977"
221668,1,"140","838114"
221668,1,"141","842718"
221668,1,"142","847705"
221668,1,"143","852476"
221668,1,"144","857497"
221717,1,"1","164500"
221717,1,"2","169287"
221717,1,"3","173658"
221717,1,"4","177845"
221717,1,"5","182866"
221717,1,"6","188337"
221717,1,"7","193008"
221717,1,"8","199264"
221717,1,"9","203834"
221717,1,"10","208655"
221717,1,"11","213710"
221717,1,"12","217897"
221717,1,"13","222751"
221717,1,"14","227221"
221717,1,"15","231992"
221717,1,"16","238064"
221717,1,"17","243186"
221717,1,"18","247790"
221717,1,"19","252327"
221717,1,"20","258749"
221717,1,"21","262936"
221717,1,"22","267590"
221717,1,"23","273846"
221717,1,"24","278750"
221717,1,"25","283187"
221717,1,"26","288592"
221717,1,"27","293980"
221717,1,"28","299185"
221717,1,"29","303522"
221717,1,"30","309327"
221717,1,"31","314598"
221717,1,"32","319536"
221717,1,"33","324390"
221717,1,"34","330229"
221717,1,"35","334516"
221717,1,"36","339537"
221717,1,"37","343124"
221717,1,"38","348045"
221717,1,"39","353683"
221717,1,"40","359204"
221717,1,"41","363858"
221717,1,"42","370498"
221717,1,"43","375519"
221717,1,"44","381007"
221717,1,"45","385010"
221717,1,"46","389831"
221717,1,"47","393668"
221717,1,"48","399840"
221717,1,"49","418306"
221717,1,"50","421693"
221717,1,"51","427164"
221717,1,"52","431818"
221717,1,"53","436189"
221717,1,"54","442661"
221717,1,"55","446398"
221717,1,"56","452370"
221717,1,"57","457674"
221717,1,"58","461361"
221717,1,"59","467066"
221717,1,"60","472204"
221717,1,"61","476674"
221717,1,"62","481195"
221717,1,"63","486016"
221717,1,"64","491804"
221717,1,"65","495891"
221717,1,"66","500996"
221717,1,"67","505767"
221717,1,"68","512273"
221717,1,"69","515892"
221717,1,"70","521014"
221717,1,"71","526602"
221717,1,"72","531973"
221717,1,"73","536994"
221717,1,"74","542599"
221717,1,"75","547270"
221717,1,"76","552274"
221717,1,"77","557195"
221717,1,"78","562217"
221717,1,"79","568172"
221717,1,"80","572859"
221717,1,"81","577947"
221717,1,"82","582101"
221717,1,"83","587055"
221717,1,"84","592877"
221717,1,"85","598332"
221717,1,"86","604020"
221717,1,"87","610142"
221717,1,"88","613278"
221717,1,"89","618416"
221717,1,"90","623387"
221717,1,"91","628308"
221717,1,"92","632695"
221717,1,"93","637499"
221717,1,"94","643088"
221717,1,"95","647508"
221717,1,"96","652646"
221717,1,"97","670912"
221717,1,"98","675600"
221717,1,"99","680471"
221717,1,"100","685909"
221717,1,"101","691580"
221717,1,"102","695501"
221717,1,"103","701105"
221717,1,"104","705776"
221717,1,"105","713083"
221717,1,"106","716235"
221717,1,"107","721490"
221717,1,"108","726411"
221717,1,"109","731616"
221717,1,"110","736587"
221717,1,"111","741841"
221717,1,"112","747546"
221717,1,"113","752501"
221717,1,"114","758189"
221717,1,"115","762726"
221717,1,"116","767931"
221717,1,"117","773402"
221717,1,"118","778374"
221717,1,"119","783061"
221717,1,"120","788649"
221717,1,"121","794538"
221717,1,"122","799809"
221717,1,"123","805247"
221717,1,"124","809835"
221717,1,"125","814789"
221717,1,"126","819960"
221717,1,"127","824397"
221717,1,"128","828901"
221717,1,"129","833622"
221717,1,"130","838843"
221717,1,"131","843648"
221717,1,"132","847701"
221717,1,"133","853723"
221717,1,"134","858961"
221717,1,"135","864566"
221717,1,"136","868486"
221717,1,"137","873974"
221717,1,"138","877995"
221717,1,"139","882632"
221717,1,"140","887686"
221717,1,"141","892374"
221717,1,"142","897128"
221717,1,"143","902099"
221717,1,"144","907387"
221765,1,"1","161025"
221765,1,"2","165946"
221765,1,"3","170200"
221765,1,"4","175555"
221765,1,"5","180276"
221765,1,"6","185697"
221765,1,"7","191335"
221765,1,"8","196707"
221765,1,"9","201711"
221765,1,"10","206182"
221765,1,"11","211503"
221765,1,"12","215457"
221765,1,"13","220878"
221765,1,"14","225132"
221765,1,"15","229969"
221765,1,"16","235591"
221765,1,"17","240612"
221765,1,"18","245016"
221765,1,"19","249737"
221765,1,"20","255141"
221765,1,"21","260096"
221765,1,"22","265451"
221765,1,"23","270855"
221765,1,"24","276127"
221765,1,"25","281164"
221765,1,"26","286402"
221765,1,"27","291790"
221765,1,"28","296628"
221765,1,"29","301516"
221765,1,"30","307121"
221765,1,"31","312525"
221765,1,"32","317580"
221765,1,"33","322567"
221765,1,"34","328473"
221765,1,"35","332193"
221765,1,"36","336963"
221765,1,"37","341951"
221765,1,"38","345971"
221765,1,"39","351326"
221765,1,"40","357532"
221765,1,"41","361985"
221765,1,"42","368108"
221765,1,"43","373479"
221765,1,"44","378066"
221765,1,"45","383137"
221765,1,"46","387158"
221765,1,"47","392329"
221765,1,"48","397634"
221765,1,"49","415316"
221765,1,"50","419820"
221765,1,"51","424724"
221765,1,"52","429745"
221765,1,"53","433799"
221765,1,"54","439037"
221765,1,"55","444241"
221765,1,"56","449613"
221765,1,"57","454250"
221765,1,"58","459738"
221765,1,"59","465176"
221765,1,"60","470548"
221765,1,"61","474968"
221765,1,"62","479439"
221765,1,"63","484226"
221765,1,"64","489998"
221765,1,"65","495970"
221765,1,"66","499306"
221765,1,"67","503944"
221765,1,"68","509799"
221765,1,"69","514236"
221765,1,"70","519691"
221765,1,"71","524345"
221765,1,"72","529349"
221765,1,"73","534788"
221765,1,"74","540059"
221765,1,"75","545530"
221765,1,"76","550585"
221765,1,"77","555689"
221765,1,"78","560427"
221765,1,"79","565782"
221765,1,"80","571136"
221765,1,"81","575991"
221765,1,"82","580545"
221765,1,"83","585349"
221765,1,"84","591421"
221765,1,"85","596342"
221765,1,"86","601413"
221765,1,"87","606784"
221765,1,"88","612022"
221765,1,"89","616710"
221765,1,"90","621197"
221765,1,"91","625734"
221765,1,"92","631139"
221765,1,"93","636227"
221765,1,"94","641715"
221765,1,"95","646236"
221765,1,"96","651474"
221765,1,"97","668722"
221765,1,"98","673326"
221765,1,"99","678648"
221765,1,"100","684336"
221765,1,"101","689257"
221765,1,"102","693627"
221765,1,"103","699449"
221765,1,"104","704170"
221765,1,"105","711493"
221765,1,"106","714679"
221765,1,"107","719700"
221765,1,"108","724905"
221765,1,"109","729659"
221765,1,"110","735197"
221765,1,"111","739935"
221765,1,"112","745473"
221765,1,"113","751378"
221765,1,"114","756666"
221765,1,"115","761320"
221765,1,"116","765908"
221765,1,"117","771830"
221765,1,"118","776183"
221765,1,"119","781471"
221765,1,"120","787493"
221765,1,"121","792798"
221765,1,"122","798069"
221765,1,"123","803474"
221765,1,"124","808212"
221765,1,"125","813433"
221765,1,"126","818054"
221765,1,"127","822691"
221765,1,"128","827362"
221765,1,"129","831916"
221765,1,"130","836637"
221765,1,"131","841474"
221765,1,"132","845995"
221765,1,"133","851800"
221765,1,"134","857121"
221765,1,"135","861692"
221765,1,"136","866897"
221765,1,"137","872618"
221765,1,"138","876338"
221765,1,"139","880776"
221765,1,"140","886164"
221765,1,"141","891168"
221765,1,"142","895589"
221765,1,"143","901477"
221765,1,"144","905748"
221794,1,"1","114088"
221794,1,"2","118821"
221794,1,"3","124038"
221794,1,"4","128287"
221794,1,"5","134337"
221794,1,"6","138854"
221794,1,"7","143503"
221794,1,"8","150253"
221794,1,"9","155603"
221794,1,"10","158969"
221794,1,"11","163752"
221794,1,"12","168835"
221794,1,"13","173769"
221794,1,"14","177518"
221794,1,"15","182918"
221794,1,"16","188385"
221794,1,"17","193301"
221794,1,"18","197751"
221794,1,"19","202234"
221794,1,"20","207650"
221794,1,"21","213150"
221794,1,"22","219133"
221794,1,"23","223183"
221794,1,"24","228983"
221794,1,"25","233682"
221794,1,"26","238982"
221794,1,"27","245099"
221794,1,"28","249298"
221794,1,"29","254565"
221794,1,"30","260115"
221794,1,"31","265298"
221794,1,"32","270147"
221794,1,"33","275347"
221794,1,"34","280147"
221794,1,"35","284797"
221794,1,"36","289880"
221794,1,"37","294263"
221794,1,"38","298596"
221794,1,"39","303396"
221794,1,"40","309262"
221794,1,"41","315229"
221794,1,"42","320462"
221794,1,"43","325645"
221794,1,"44","330645"
221794,1,"45","334844"
221794,1,"46","339944"
221794,1,"47","344477"
221794,1,"48","350310"
221794,1,"49","367909"
221794,1,"50","372176"
221794,1,"51","377042"
221794,1,"52","381809"
221794,1,"53","386575"
221794,1,"54","391442"
221794,1,"55","396758"
221794,1,"56","402158"
221794,1,"57","406341"
221794,1,"58","412291"
221794,1,"59","417474"
221794,1,"60","422690"
221794,1,"61","427190"
221794,1,"62","432256"
221794,1,"63","436440"
221794,1,"64","442189"
221794,1,"65","446406"
221794,1,"66","451689"
221794,1,"67","457722"
221794,1,"68","462138"
221794,1,"69","468455"
221794,1,"70","471738"
221794,1,"71","476871"
221794,1,"72","481871"
221794,1,"73","486804"
221794,1,"74","492504"
221794,1,"75","497787"
221794,1,"76","503237"
221794,1,"77","508253"
221794,1,"78","512869"
221794,1,"79","518136"
221794,1,"80","523419"
221794,1,"81","528285"
221794,1,"82","532852"
221794,1,"83","537635"
221794,1,"84","543351"
221794,1,"85","548634"
221794,1,"86","553501"
221794,1,"87","559134"
221794,1,"88","563817"
221794,1,"89","569333"
221794,1,"90","573617"
221794,1,"91","578100"
221794,1,"92","583549"
221794,1,"93","588449"
221794,1,"94","593766"
221794,1,"95","598182"
221794,1,"96","603515"
221794,1,"97","621598"
221794,1,"98","625697"
221794,1,"99","630797"
221794,1,"100","636464"
221794,1,"101","641463"
221794,1,"102","646080"
221794,1,"103","651730"
221794,1,"104","656463"
221794,1,"105","661729"
221794,1,"106","666429"
221794,1,"107","672162"
221794,1,"108","676995"
221794,1,"109","681945"
221794,1,"110","687295"
221794,1,"111","692311"
221794,1,"112","697794"
221794,1,"113","702994"
221794,1,"114","708744"
221794,1,"115","713510"
221794,1,"116","718243"
221794,1,"117","724210"
221794,1,"118","729293"
221794,1,"119","734492"
221794,1,"120","739576"
221794,1,"121","745309"
221794,1,"122","750775"
221794,1,"123","755791"
221794,1,"124","760475"
221794,1,"125","765458"
221794,1,"126","770457"
221794,1,"127","775157"
221794,1,"128","779840"
221794,1,"129","784373"
221794,1,"130","789007"
221794,1,"131","794006"
221794,1,"132","798373"
221794,1,"133","804206"
221794,1,"134","809922"
221794,1,"135","814555"
221794,1,"136","819988"
221794,1,"137","824222"
221794,1,"138","828621"
221794,1,"139","833271"
221794,1,"140","838638"
221794,1,"141","843121"
221794,1,"142","847687"
221794,1,"143","853070"
221794,1,"144","858087"
221833,1,"1","136973"
221833,1,"2","141761"
221833,1,"3","145630"
221833,1,"4","150901"
221833,1,"5","155939"
221833,1,"6","161010"
221833,1,"7","165480"
221833,1,"8","171318"
221833,1,"9","177056"
221833,1,"10","180459"
221833,1,"11","187248"
221833,1,"12","190667"
221833,1,"13","195504"
221833,1,"14","199991"
221833,1,"15","204461"
221833,1,"16","210233"
221833,1,"17","215754"
221833,1,"18","219490"
221833,1,"19","224594"
221833,1,"20","229815"
221833,1,"21","234369"
221833,1,"22","240057"
221833,1,"23","245495"
221833,1,"24","250566"
221833,1,"25","255753"
221833,1,"26","261107"
221833,1,"27","266445"
221833,1,"28","271399"
221833,1,"29","276186"
221833,1,"30","282291"
221833,1,"31","287529"
221833,1,"32","292616"
221833,1,"33","297520"
221833,1,"34","302341"
221833,1,"35","306878"
221833,1,"36","312582"
221833,1,"37","316169"
221833,1,"38","320806"
221833,1,"39","325476"
221833,1,"40","331565"
221833,1,"41","336335"
221833,1,"42","342290"
221833,1,"43","348795"
221833,1,"44","353115"
221833,1,"45","357002"
221833,1,"46","363424"
221833,1,"47","366593"
221833,1,"48","371914"
221833,1,"49","389495"
221833,1,"50","394149"
221833,1,"51","399103"
221833,1,"52","403590"
221833,1,"53","408310"
221833,1,"54","414115"
221833,1,"55","419319"
221833,1,"56","424206"
221833,1,"57","428493"
221833,1,"58","434481"
221833,1,"59","440103"
221833,1,"60","445207"
221833,1,"61","449127"
221833,1,"62","454014"
221833,1,"63","458584"
221833,1,"64","464122"
221833,1,"65","468359"
221833,1,"66","475264"
221833,1,"67","479251"
221833,1,"68","484889"
221833,1,"69","489076"
221833,1,"70","494046"
221833,1,"71","499251"
221833,1,"72","503871"
221833,1,"73","509259"
221833,1,"74","514229"
221833,1,"75","520601"
221833,1,"76","525172"
221833,1,"77","529675"
221833,1,"78","534929"
221833,1,"79","540100"
221833,1,"80","545338"
221833,1,"81","550375"
221833,1,"82","554695"
221833,1,"83","559616"
221833,1,"84","566005"
221833,1,"85","571693"
221833,1,"86","575746"
221833,1,"87","581717"
221833,1,"88","586605"
221833,1,"89","591592"
221833,1,"90","595929"
221833,1,"91","600966"
221833,1,"92","605687"
221833,1,"93","610274"
221833,1,"94","616662"
221833,1,"95","620299"
221833,1,"96","626404"
221833,1,"97","644151"
221833,1,"98","648505"
221833,1,"99","653542"
221833,1,"100","658546"
221833,1,"101","663901"
221833,1,"102","668104"
221833,1,"103","673525"
221833,1,"104","678846"
221833,1,"105","683333"
221833,1,"106","689989"
221833,1,"107","695360"
221833,1,"108","699196"
221833,1,"109","704217"
221833,1,"110","710172"
221833,1,"111","714308"
221833,1,"112","720146"
221833,1,"113","725534"
221833,1,"114","731372"
221833,1,"115","736026"
221833,1,"116","741063"
221833,1,"117","745851"
221833,1,"118","750688"
221833,1,"119","755458"
221833,1,"120","761763"
221833,1,"121","766751"
221833,1,"122","772489"
221833,1,"123","777476"
221833,1,"124","782330"
221833,1,"125","787818"
221833,1,"126","792655"
221833,1,"127","796725"
221833,1,"128","801679"
221833,1,"129","806116"
221833,1,"130","810319"
221833,1,"131","815624"
221833,1,"132","820661"
221833,1,"133","826049"
221833,1,"134","831186"
221833,1,"135","835890"
221833,1,"136","841595"
221833,1,"137","846282"
221833,1,"138","850602"
221833,1,"139","856257"
221833,1,"140","860293"
221833,1,"141","865131"
221833,1,"142","869434"
221833,1,"143","874622"
221833,1,"144","880109"
221872,1,"1","118371"
221872,1,"2","122624"
221872,1,"3","127862"
221872,1,"4","133250"
221872,1,"5","136737"
221872,1,"6","142542"
221872,1,"7","148364"
221872,1,"8","153652"
221872,1,"9","158806"
221872,1,"10","162459"
221872,1,"11","167564"
221872,1,"12","172234"
221872,1,"13","177222"
221872,1,"14","181359"
221872,1,"15","186280"
221872,1,"16","191702"
221872,1,"17","197023"
221872,1,"18","201477"
221872,1,"19","206381"
221872,1,"20","211519"
221872,1,"21","216590"
221872,1,"22","222162"
221872,1,"23","227216"
221872,1,"24","232287"
221872,1,"25","237208"
221872,1,"26","242513"
221872,1,"27","247634"
221872,1,"28","254106"
221872,1,"29","258944"
221872,1,"30","263665"
221872,1,"31","268719"
221872,1,"32","274024"
221872,1,"33","278911"
221872,1,"34","284433"
221872,1,"35","288353"
221872,1,"36","293107"
221872,1,"37","297694"
221872,1,"38","304050"
221872,1,"39","307503"
221872,1,"40","313191"
221872,1,"41","318396"
221872,1,"42","324151"
221872,1,"43","329539"
221872,1,"44","334093"
221872,1,"45","338647"
221872,1,"46","343501"
221872,1,"47","348255"
221872,1,"48","354277"
221872,1,"49","371492"
221872,1,"50","376113"
221872,1,"51","380934"
221872,1,"52","385855"
221872,1,"53","390693"
221872,1,"54","395247"
221872,1,"55","400785"
221872,1,"56","405989"
221872,1,"57","410410"
221872,1,"58","416365"
221872,1,"59","421253"
221872,1,"60","426357"
221872,1,"61","431028"
221872,1,"62","436866"
221872,1,"63","441103"
221872,1,"64","446008"
221872,1,"65","450795"
221872,1,"66","455733"
221872,1,"67","460087"
221872,1,"68","466259"
221872,1,"69","470312"
221872,1,"70","475817"
221872,1,"71","480705"
221872,1,"72","486460"
221872,1,"73","491081"
221872,1,"74","495968"
221872,1,"75","501640"
221872,1,"76","506611"
221872,1,"77","511715"
221872,1,"78","516603"
221872,1,"79","522074"
221872,1,"80","527429"
221872,1,"81","531933"
221872,1,"82","536554"
221872,1,"83","541508"
221872,1,"84","547246"
221872,1,"85","552534"
221872,1,"86","557405"
221872,1,"87","563194"
221872,1,"88","567614"
221872,1,"89","573219"
221872,1,"90","577339"
221872,1,"91","582094"
221872,1,"92","587265"
221872,1,"93","592152"
221872,1,"94","598208"
221872,1,"95","602245"
221872,1,"96","607866"
221872,1,"145","624698"
221872,1,"146","629569"
221872,1,"147","634873"
221872,1,"148","640495"
221872,1,"149","645266"
221872,1,"150","649853"
221872,1,"151","655708"
221872,1,"152","660312"
221872,1,"153","665400"
221872,1,"154","670288"
221872,1,"155","676009"
221872,1,"156","681281"
221872,1,"157","685785"
221872,1,"158","691339"
221872,1,"159","696244"
221872,1,"160","701732"
221872,1,"161","707187"
221872,1,"162","713842"
221872,1,"163","717512"
221872,1,"164","722450"
221872,1,"165","728522"
221872,1,"166","732792"
221872,1,"167","737647"
221872,1,"168","743335"
221872,1,"169","749223"
221872,1,"170","754278"
221872,1,"171","759733"
221872,1,"172","764403"
221872,1,"173","769258"
221872,1,"174","774262"
221872,1,"175","778883"
221872,1,"176","783971"
221872,1,"177","788291"
221872,1,"178","793079"
221872,1,"179","797733"
221872,1,"180","802754"
221872,1,"181","808292"
221872,1,"182","813313"
221872,1,"183","817834"
221872,1,"184","823072"
221872,1,"185","828243"
221872,1,"186","832396"
221872,1,"187","837034"
221872,1,"188","842388"
221872,1,"189","847093"
221872,1,"190","851947"
221872,1,"191","856985"
221872,1,"192","862406"
221875,1,"1","116239"
221875,1,"2","121227"
221875,1,"3","125430"
221875,1,"4","131101"
221875,1,"5","135355"
221875,1,"6","140392"
221875,1,"7","146147"
221875,1,"8","151585"
221875,1,"9","156055"
221875,1,"10","160809"
221875,1,"11","165880"
221875,1,"12","169766"
221875,1,"13","174637"
221875,1,"14","179791"
221875,1,"15","184795"
221875,1,"16","190733"
221875,1,"17","195137"
221875,1,"18","198940"
221875,1,"19","204861"
221875,1,"20","209382"
221875,1,"21","213919"
221875,1,"22","220641"
221875,1,"23","226713"
221875,1,"24","230082"
221875,1,"25","235403"
221875,1,"26","240524"
221875,1,"27","246796"
221875,1,"28","250949"
221875,1,"29","256253"
221875,1,"30","262242"
221875,1,"31","267713"
221875,1,"32","272450"
221875,1,"33","276803"
221875,1,"34","281424"
221875,1,"35","285961"
221875,1,"36","292266"
221875,1,"37","295485"
221875,1,"38","300256"
221875,1,"39","305860"
221875,1,"40","310698"
221875,1,"41","315885"
221875,1,"42","322074"
221875,1,"43","328729"
221875,1,"44","332282"
221875,1,"45","337987"
221875,1,"46","341339"
221875,1,"47","346260"
221875,1,"48","352932"
221875,1,"49","370430"
221875,1,"50","373699"
221875,1,"51","378570"
221875,1,"52","383023"
221875,1,"53","387961"
221875,1,"54","393132"
221875,1,"55","398086"
221875,1,"56","403640"
221875,1,"57","408911"
221875,1,"58","414049"
221875,1,"59","418819"
221875,1,"60","424957"
221875,1,"61","428877"
221875,1,"62","433431"
221875,1,"63","438218"
221875,1,"64","444390"
221875,1,"65","448493"
221875,1,"66","453798"
221875,1,"67","457984"
221875,1,"68","463939"
221875,1,"69","467876"
221875,1,"70","473731"
221875,1,"71","478434"
221875,1,"72","483122"
221875,1,"73","488726"
221875,1,"74","494147"
221875,1,"75","499151"
221875,1,"76","504339"
221875,1,"77","509510"
221875,1,"78","514113"
221875,1,"79","519868"
221875,1,"80","525189"
221875,1,"81","530026"
221875,1,"82","535047"
221875,1,"83","539201"
221875,1,"84","544872"
221875,1,"85","551310"
221875,1,"86","555664"
221875,1,"87","560768"
221875,1,"88","565489"
221875,1,"89","571744"
221875,1,"90","575147"
221875,1,"91","579717"
221875,1,"92","584988"
221875,1,"93","590276"
221875,1,"94","595963"
221875,1,"95","601351"
221875,1,"96","604621"
221875,1,"97","624003"
221875,1,"98","626955"
221875,1,"99","632610"
221875,1,"100","638181"
221875,1,"101","643085"
221875,1,"102","647289"
221875,1,"103","652910"
221875,1,"104","657730"
221875,1,"105","663035"
221875,1,"106","667989"
221875,1,"107","674477"
221875,1,"108","679949"
221875,1,"109","683702"
221875,1,"110","689173"
221875,1,"111","694210"
221875,1,"112","699798"
221875,1,"113","704452"
221875,1,"114","710357"
221875,1,"115","714710"
221875,1,"116","719314"
221875,1,"117","725319"
221875,1,"118","729956"
221875,1,"119","735244"
221875,1,"120","740598"
221875,1,"121","746620"
221875,1,"122","751891"
221875,1,"123","756845"
221875,1,"124","762299"
221875,1,"125","766869"
221875,1,"126","771540"
221875,1,"127","776361"
221875,1,"128","781732"
221875,1,"129","785335"
221875,1,"130","790038"
221875,1,"131","795042"
221875,1,"132","799663"
221875,1,"133","805234"
221875,1,"134","811406"
221875,1,"135","815442"
221875,1,"136","820130"
221875,1,"137","825501"
221875,1,"138","829721"
221875,1,"139","834925"
221875,1,"140","840179"
221875,1,"141","844399"
221875,1,"142","848836"
221875,1,"143","854091"
221875,1,"144","859178"
222059,1,"1","117819"
222059,1,"2","122802"
222059,1,"3","127602"
222059,1,"4","132585"
222059,1,"5","137135"
222059,1,"6","142602"
222059,1,"7","147735"
222059,1,"8","153318"
222059,1,"9","158567"
222059,1,"10","162917"
222059,1,"11","167967"
222059,1,"12","172250"
222059,1,"13","177300"
222059,1,"14","181983"
222059,1,"15","186566"
222059,1,"16","192599"
222059,1,"17","197766"
222059,1,"18","201766"
222059,1,"19","206465"
222059,1,"20","211732"
222059,1,"21","216698"
222059,1,"22","222315"
222059,1,"23","227498"
222059,1,"24","232764"
222059,1,"25","237797"
222059,1,"26","243181"
222059,1,"27","248464"
222059,1,"28","253363"
222059,1,"29","258297"
222059,1,"30","264080"
222059,1,"31","268913"
222059,1,"32","274013"
222059,1,"33","279196"
222059,1,"34","284245"
222059,1,"35","288979"
222059,1,"36","293445"
222059,1,"37","297862"
222059,1,"38","302445"
222059,1,"39","307528"
222059,1,"40","313244"
222059,1,"41","318444"
222059,1,"42","324310"
222059,1,"43","329710"
222059,1,"44","334560"
222059,1,"45","338676"
222059,1,"46","343760"
222059,1,"47","348509"
222059,1,"48","354092"
222059,1,"49","371975"
222059,1,"50","376658"
222059,1,"51","381158"
222059,1,"52","386091"
222059,1,"53","390208"
222059,1,"54","395591"
222059,1,"55","400774"
222059,1,"56","405907"
222059,1,"57","410540"
222059,1,"58","416106"
222059,1,"59","421523"
222059,1,"60","426689"
222059,1,"61","431206"
222059,1,"62","435822"
222059,1,"63","440422"
222059,1,"64","446205"
222059,1,"65","450555"
222059,1,"66","455655"
222059,1,"67","460288"
222059,1,"68","466188"
222059,1,"69","470521"
222059,1,"70","475671"
222059,1,"71","480754"
222059,1,"72","485753"
222059,1,"73","490987"
222059,1,"74","496103"
222059,1,"75","501819"
222059,1,"76","506719"
222059,1,"77","511936"
222059,1,"78","516619"
222059,1,"79","522069"
222059,1,"80","527952"
222059,1,"81","532068"
222059,1,"82","536568"
222059,1,"83","541551"
222059,1,"84","547351"
222059,1,"85","552517"
222059,1,"86","557567"
222059,1,"87","563067"
222059,1,"88","567783"
222059,1,"89","573283"
222059,1,"90","577500"
222059,1,"91","581999"
222059,1,"92","587332"
222059,1,"93","592149"
222059,1,"94","597699"
222059,1,"95","602115"
222059,1,"96","607198"
222059,1,"145","624914"
222059,1,"146","629564"
222059,1,"147","635214"
222059,1,"148","640280"
222059,1,"149","645363"
222059,1,"150","649830"
222059,1,"151","655463"
222059,1,"152","660279"
222059,1,"153","665612"
222059,1,"154","670312"
222059,1,"155","675845"
222059,1,"156","680878"
222059,1,"157","685945"
222059,1,"158","691145"
222059,1,"159","696578"
222059,1,"160","701894"
222059,1,"161","706861"
222059,1,"162","712810"
222059,1,"163","717377"
222059,1,"164","722043"
222059,1,"165","727843"
222059,1,"166","732343"
222059,1,"167","737543"
222059,1,"168","743176"
222059,1,"169","748942"
222059,1,"170","754292"
222059,1,"171","759608"
222059,1,"172","764408"
222059,1,"173","769341"
222059,1,"174","774291"
222059,1,"175","778941"
222059,1,"176","783507"
222059,1,"177","788107"
222059,1,"178","792574"
222059,1,"179","797740"
222059,1,"180","802207"
222059,1,"181","808040"
222059,1,"182","813239"
222059,1,"183","817806"
222059,1,"184","823022"
222059,1,"185","828022"
222059,1,"186","832455"
222059,1,"187","836972"
222059,1,"188","842522"
222059,1,"189","846855"
222059,1,"190","851571"
222059,1,"191","856838"
222059,1,"192","861837"
440091,1,"1","108954"
440091,1,"2","112241"
440091,1,"3","117545"
440091,1,"4","122883"
440091,1,"5","126753"
440091,1,"6","132325"
440091,1,"7","137179"
440091,1,"8","143018"
440091,1,"9","148239"
440091,1,"10","152743"
440091,1,"11","157681"
440091,1,"12","162852"
440091,1,"13","167389"
440091,1,"14","171259"
440091,1,"15","176464"
440091,1,"16","183186"
440091,1,"17","187457"
440091,1,"18","191294"
440091,1,"19","196265"
440091,1,"20","201436"
440091,1,"21","206323"
440091,1,"22","212179"
440091,1,"23","217133"
440091,1,"24","222404"
440091,1,"25","227509"
440091,1,"26","232997"
440091,1,"27","238402"
440091,1,"28","243072"
440091,1,"29","247593"
440091,1,"30","253565"
440091,1,"31","258670"
440091,1,"32","263791"
440091,1,"33","269229"
440091,1,"34","273766"
440091,1,"35","278370"
440091,1,"36","283491"
440091,1,"37","288312"
440091,1,"38","291966"
440091,1,"39","297287"
440091,1,"40","302825"
440091,1,"41","308347"
440091,1,"42","313985"
440091,1,"43","319506"
440091,1,"44","324177"
440091,1,"45","328348"
440091,1,"46","333402"
440091,1,"47","338039"
440091,1,"48","344028"
440091,1,"49","362077"
440091,1,"50","365797"
440091,1,"51","370701"
440091,1,"52","375389"
440091,1,"53","379810"
440091,1,"54","385131"
440091,1,"55","390386"
440091,1,"56","395557"
440091,1,"57","400244"
440091,1,"58","405816"
440091,1,"59","411170"
440091,1,"60","416475"
440091,1,"61","420912"
440091,1,"62","425600"
440091,1,"63","430187"
440091,1,"64","436977"
440091,1,"65","440980"
440091,1,"66","445584"
440091,1,"67","450288"
440091,1,"68","455860"
440091,1,"69","460714"
440091,1,"70","465251"
440091,1,"71","470406"
440091,1,"72","475560"
440091,1,"73","480515"
440091,1,"74","485836"
440091,1,"75","491541"
440091,1,"76","496245"
440091,1,"77","501550"
440091,1,"78","506554"
440091,1,"79","511859"
440091,1,"80","517264"
440091,1,"81","522202"
440091,1,"82","526389"
440091,1,"83","531360"
440091,1,"84","536998"
440091,1,"85","542569"
440091,1,"86","547123"
440091,1,"87","552895"
440091,1,"88","557599"
440091,1,"89","562904"
440091,1,"90","567508"
440091,1,"91","572045"
440091,1,"92","577350"
440091,1,"93","582721"
440091,1,"94","587576"
440091,1,"95","592013"
440091,1,"96","597067"
440091,1,"97","616551"
440091,1,"98","619504"
440091,1,"99","624708"
440091,1,"100","630130"
440091,1,"101","635468"
440091,1,"102","639605"
440091,1,"103","645393"
440091,1,"104","650181"
440091,1,"105","655369"
440091,1,"106","660190"
440091,1,"107","666462"
440091,1,"108","672520"
440091,1,"109","676621"
440091,1,"110","681242"
440091,1,"111","686346"
440091,1,"112","691801"
440091,1,"113","696622"
440091,1,"114","702410"
440091,1,"115","706914"
440091,1,"116","711785"
440091,1,"117","717674"
440091,1,"118","722077"
440091,1,"119","727299"
440091,1,"120","733938"
440091,1,"121","739076"
440091,1,"122","744047"
440091,1,"123","749535"
440091,1,"124","754406"
440091,1,"125","759310"
440091,1,"126","764965"
440091,1,"127","768752"
440091,1,"128","773556"
440091,1,"129","777910"
440091,1,"130","782314"
440091,1,"131","787535"
440091,1,"132","792323"
440091,1,"133","798161"
440091,1,"134","803599"
440091,1,"135","807786"
440091,1,"136","812774"
440091,1,"137","818112"
440091,1,"138","822216"
440091,1,"139","827187"
440091,1,"140","832374"
440091,1,"141","836678"
440091,1,"142","841282"
440091,1,"143","846770"
440091,1,"144","851641"
440098,1,"1","176352"
440098,1,"2","180823"
440098,1,"3","185343"
440098,1,"4","191615"
440098,1,"5","195268"
440098,1,"6","201323"
440098,1,"7","206160"
440098,1,"8","211998"
440098,1,"9","216602"
440098,1,"10","221072"
440098,1,"11","226393"
440098,1,"12","230947"
440098,1,"13","236184"
440098,1,"14","240204"
440098,1,"15","244291"
440098,1,"16","250813"
440098,1,"17","255717"
440098,1,"18","259970"
440098,1,"19","264791"
440098,1,"20","270262"
440098,1,"21","274999"
440098,1,"22","280770"
440098,1,"23","285741"
440098,1,"24","290612"
440098,1,"25","295916"
440098,1,"26","301137"
440098,1,"27","306408"
440098,1,"28","311345"
440098,1,"29","316349"
440098,1,"30","321804"
440098,1,"31","326874"
440098,1,"32","331929"
440098,1,"33","337249"
440098,1,"34","342837"
440098,1,"35","346857"
440098,1,"36","351278"
440098,1,"37","356799"
440098,1,"38","360852"
440098,1,"39","365923"
440098,1,"40","372028"
440098,1,"41","376481"
440098,1,"42","382470"
440098,1,"43","388508"
440098,1,"44","393312"
440098,1,"45","397065"
440098,1,"46","401735"
440098,1,"47","406572"
440098,1,"48","412010"
440098,1,"49","431126"
440098,1,"50","434078"
440098,1,"51","438982"
440098,1,"52","443869"
440098,1,"53","448456"
440098,1,"54","454278"
440098,1,"55","459048"
440098,1,"56","464286"
440098,1,"57","468289"
440098,1,"58","474211"
440098,1,"59","479665"
440098,1,"60","484669"
440098,1,"61","489390"
440098,1,"62","494010"
440098,1,"63","498981"
440098,1,"64","504885"
440098,1,"65","508672"
440098,1,"66","514009"
440098,1,"67","518363"
440098,1,"68","524768"
440098,1,"69","528872"
440098,1,"70","534326"
440098,1,"71","539197"
440098,1,"72","544284"
440098,1,"73","550322"
440098,1,"74","554843"
440098,1,"75","560497"
440098,1,"76","564867"
440098,1,"77","570322"
440098,1,"78","575126"
440098,1,"79","580397"
440098,1,"80","586335"
440098,1,"81","590405"
440098,1,"82","594792"
440098,1,"83","599929"
440098,1,"84","605801"
440098,1,"85","611055"
440098,1,"86","616342"
440098,1,"87","621663"
440098,1,"88","626701"
440098,1,"89","631471"
440098,1,"90","636058"
440098,1,"91","640846"
440098,1,"92","645933"
440098,1,"93","651504"
440098,1,"94","656358"
440098,1,"95","661596"
440098,1,"96","665716"
440098,1,"145","683547"
440098,1,"146","688301"
440098,1,"147","693972"
440098,1,"148","699343"
440098,1,"149","704481"
440098,1,"150","708384"
440098,1,"151","714706"
440098,1,"152","719443"
440098,1,"153","724130"
440098,1,"154","730101"
440098,1,"155","734422"
440098,1,"156","740727"
440098,1,"157","744396"
440098,1,"158","749651"
440098,1,"159","755272"
440098,1,"160","760026"
440098,1,"161","765313"
440098,1,"162","770918"
440098,1,"163","775722"
440098,1,"164","780609"
440098,1,"165","787098"
440098,1,"166","791751"
440098,1,"167","796539"
440098,1,"168","801843"
440098,1,"169","807814"
440098,1,"170","812652"
440098,1,"171","818556"
440098,1,"172","822977"
440098,1,"173","827781"
440098,1,"174","832685"
440098,1,"175","837388"
440098,1,"176","842226"
440098,1,"177","847980"
440098,1,"178","851483"
440098,1,"179","856587"
440098,1,"180","861058"
440098,1,"181","866278"
440098,1,"182","871983"
440098,1,"183","876403"
440098,1,"184","881441"
440098,1,"185","887212"
440098,1,"186","891015"
440098,1,"187","896336"
440098,1,"188","901240"
440098,1,"189","905727"
440098,1,"190","910264"
440098,1,"191","915735"
440098,1,"192","920439"
440111,1,"1","114936"
440111,1,"2","119039"
440111,1,"3","124211"
440111,1,"4","129082"
440111,1,"5","134003"
440111,1,"6","139391"
440111,1,"7","143928"
440111,1,"8","150367"
440111,1,"9","155622"
440111,1,"10","159358"
440111,1,"11","164513"
440111,1,"12","168733"
440111,1,"13","173704"
440111,1,"14","178358"
440111,1,"15","182745"
440111,1,"16","188584"
440111,1,"17","193638"
440111,1,"18","198042"
440111,1,"19","202813"
440111,1,"20","208001"
440111,1,"21","212905"
440111,1,"22","219011"
440111,1,"23","224132"
440111,1,"24","229320"
440111,1,"25","234007"
440111,1,"26","239499"
440111,1,"27","244583"
440111,1,"28","249638"
440111,1,"29","254258"
440111,1,"30","259930"
440111,1,"31","265185"
440111,1,"32","271190"
440111,1,"33","276144"
440111,1,"34","281165"
440111,1,"35","285119"
440111,1,"36","289489"
440111,1,"37","294594"
440111,1,"38","298898"
440111,1,"39","303885"
440111,1,"40","309540"
440111,1,"41","315279"
440111,1,"42","320450"
440111,1,"43","326405"
440111,1,"44","330509"
440111,1,"45","335163"
440111,1,"46","340050"
440111,1,"47","344721"
440111,1,"48","350526"
440111,1,"49","368559"
440111,1,"50","372446"
440111,1,"51","377467"
440111,1,"52","382104"
440111,1,"53","386725"
440111,1,"54","392080"
440111,1,"55","397167"
440111,1,"56","402789"
440111,1,"57","407343"
440111,1,"58","412364"
440111,1,"59","417836"
440111,1,"60","423090"
440111,1,"61","427594"
440111,1,"62","432548"
440111,1,"63","436952"
440111,1,"64","442407"
440111,1,"65","446861"
440111,1,"66","451932"
440111,1,"67","456953"
440111,1,"68","462458"
440111,1,"69","467062"
440111,1,"70","472117"
440111,1,"71","477321"
440111,1,"72","482109"
440111,1,"73","487263"
440111,1,"74","492468"
440111,1,"75","498156"
440111,1,"76","502977"
440111,1,"77","508265"
440111,1,"78","513653"
440111,1,"79","518891"
440111,1,"80","523795"
440111,1,"81","528550"
440111,1,"82","533220"
440111,1,"83","537941"
440111,1,"84","543896"
440111,1,"85","549068"
440111,1,"86","553755"
440111,1,"87","559677"
440111,1,"88","564414"
440111,1,"89","569636"
440111,1,"90","574256"
440111,1,"91","578610"
440111,1,"92","583915"
440111,1,"93","588686"
440111,1,"94","594207"
440111,1,"95","598878"
440111,1,"96","603749"
440111,1,"97","621615"
440111,1,"98","626236"
440111,1,"99","631390"
440111,1,"100","636862"
440111,1,"101","642166"
440111,1,"102","646487"
440111,1,"103","652158"
440111,1,"104","656963"
440111,1,"105","662401"
440111,1,"106","666955"
440111,1,"107","672626"
440111,1,"108","677631"
440111,1,"109","682485"
440111,1,"110","687756"
440111,1,"111","692994"
440111,1,"112","698382"
440111,1,"113","703570"
440111,1,"114","709192"
440111,1,"115","713863"
440111,1,"116","718734"
440111,1,"117","724472"
440111,1,"118","728993"
440111,1,"119","734231"
440111,1,"120","739919"
440111,1,"121","745691"
440111,1,"122","750845"
440111,1,"123","756033"
440111,1,"124","762138"
440111,1,"125","766609"
440111,1,"126","771030"
440111,1,"127","775650"
440111,1,"128","780304"
440111,1,"129","784742"
440111,1,"130","789262"
440111,1,"131","794517"
440111,1,"132","798871"
440111,1,"133","804893"
440111,1,"134","809697"
440111,1,"135","814668"
440111,1,"136","819722"
440111,1,"137","824777"
440111,1,"138","829198"
440111,1,"139","833768"
440111,1,"140","839573"
440111,1,"141","843660"
440111,1,"142","848331"
440111,1,"143","853552"
440111,1,"144","858540"
440112,1,"1","70576"
440112,1,"2","75947"
440112,1,"3","80734"
440112,1,"4","85554"
440112,1,"5","90375"
440112,1,"6","95379"
440112,1,"7","100667"
440112,1,"8","106605"
440112,1,"9","111993"
440112,1,"10","116346"
440112,1,"11","120933"
440112,1,"12","125237"
440112,1,"13","130441"
440112,1,"14","135362"
440112,1,"15","139632"
440112,1,"16","145086"
440112,1,"17","150524"
440112,1,"18","154894"
440112,1,"19","159314"
440112,1,"20","164819"
440112,1,"21","169823"
440112,1,"22","175261"
440112,1,"23","180498"
440112,1,"24","186120"
440112,1,"25","190773"
440112,1,"26","196178"
440112,1,"27","202183"
440112,1,"28","206369"
440112,1,"29","211440"
440112,1,"30","217128"
440112,1,"31","222282"
440112,1,"32","227787"
440112,1,"33","232658"
440112,1,"34","237578"
440112,1,"35","241815"
440112,1,"36","246302"
440112,1,"37","251189"
440112,1,"38","256160"
440112,1,"39","260847"
440112,1,"40","266435"
440112,1,"41","271539"
440112,1,"42","277527"
440112,1,"43","282882"
440112,1,"44","287802"
440112,1,"45","292039"
440112,1,"46","296776"
440112,1,"47","301680"
440112,1,"48","307535"
440112,1,"49","324682"
440112,1,"50","329353"
440112,1,"51","334290"
440112,1,"52","339178"
440112,1,"53","343348"
440112,1,"54","348752"
440112,1,"55","354040"
440112,1,"56","359211"
440112,1,"57","363481"
440112,1,"58","369436"
440112,1,"59","374973"
440112,1,"60","379777"
440112,1,"61","384498"
440112,1,"62","389102"
440112,1,"63","393789"
440112,1,"64","399627"
440112,1,"65","403964"
440112,1,"66","408851"
440112,1,"67","413588"
440112,1,"68","419643"
440112,1,"69","423913"
440112,1,"70","429118"
440112,1,"71","434105"
440112,1,"72","438959"
440112,1,"73","444080"
440112,1,"74","449334"
440112,1,"75","455122"
440112,1,"76","460410"
440112,1,"77","465197"
440112,1,"78","470268"
440112,1,"79","475455"
440112,1,"80","481193"
440112,1,"81","485363"
440112,1,"82","490050"
440112,1,"83","494938"
440112,1,"84","500676"
440112,1,"85","505913"
440112,1,"86","511435"
440112,1,"87","516672"
440112,1,"88","521493"
440112,1,"89","526347"
440112,1,"90","531134"
440112,1,"91","535588"
440112,1,"92","540842"
440112,1,"93","545896"
440112,1,"94","551300"
440112,1,"95","555737"
440112,1,"96","560658"
440112,1,"145","578306"
440112,1,"146","582843"
440112,1,"147","588881"
440112,1,"148","593685"
440112,1,"149","598806"
440112,1,"150","603042"
440112,1,"151","608864"
440112,1,"152","614819"
440112,1,"153","619072"
440112,1,"154","623676"
440112,1,"155","629347"
440112,1,"156","634201"
440112,1,"157","639139"
440112,1,"158","644443"
440112,1,"159","649664"
440112,1,"160","655152"
440112,1,"161","660523"
440112,1,"162","665994"
440112,1,"163","670397"
440112,1,"164","675351"
440112,1,"165","681340"
440112,1,"166","686260"
440112,1,"167","691531"
440112,1,"168","696685"
440112,1,"169","702490"
440112,1,"170","707578"
440112,1,"171","712865"
440112,1,"172","718587"
440112,1,"173","722757"
440112,1,"174","728261"
440112,1,"175","732348"
440112,1,"176","737118"
440112,1,"177","741705"
440112,1,"178","746159"
440112,1,"179","751447"
440112,1,"180","755934"
440112,1,"181","761722"
440112,1,"182","767143"
440112,1,"183","771413"
440112,1,"184","776667"
440112,1,"185","782022"
440112,1,"186","786976"
440112,1,"187","790695"
440112,1,"188","795850"
440112,1,"189","800270"
440112,1,"190","805074"
440112,1,"191","810428"
440112,1,"192","815732"
440130,1,"1","131005"
440130,1,"2","134992"
440130,1,"3","139896"
440130,1,"4","144734"
440130,1,"5","149088"
440130,1,"6","154726"
440130,1,"7","159997"
440130,1,"8","164868"
440130,1,"9","170623"
440130,1,"10","174810"
440130,1,"11","180432"
440130,1,"12","184552"
440130,1,"13","189740"
440130,1,"14","194344"
440130,1,"15","198164"
440130,1,"16","204003"
440130,1,"17","209024"
440130,1,"18","213761"
440130,1,"19","218749"
440130,1,"20","224137"
440130,1,"21","228307"
440130,1,"22","234179"
440130,1,"23","239184"
440130,1,"24","244438"
440130,1,"25","249493"
440130,1,"26","254964"
440130,1,"27","260169"
440130,1,"28","264973"
440130,1,"29","269944"
440130,1,"30","276199"
440130,1,"31","280637"
440130,1,"32","285925"
440130,1,"33","290862"
440130,1,"34","296050"
440130,1,"35","300387"
440130,1,"36","305175"
440130,1,"37","310063"
440130,1,"38","314283"
440130,1,"39","319654"
440130,1,"40","324992"
440130,1,"41","330347"
440130,1,"42","336302"
440130,1,"43","341874"
440130,1,"44","346194"
440130,1,"45","350598"
440130,1,"46","355803"
440130,1,"47","360207"
440130,1,"48","366312"
440130,1,"49","383410"
440130,1,"50","387864"
440130,1,"51","393036"
440130,1,"52","397439"
440130,1,"53","402027"
440130,1,"54","407582"
440130,1,"55","412519"
440130,1,"56","417374"
440130,1,"57","422195"
440130,1,"58","427866"
440130,1,"59","433221"
440130,1,"60","438392"
440130,1,"61","443030"
440130,1,"62","447834"
440130,1,"63","452271"
440130,1,"64","458126"
440130,1,"65","462547"
440130,1,"66","467618"
440130,1,"67","472105"
440130,1,"68","477877"
440130,1,"69","482514"
440130,1,"70","487519"
440130,1,"71","492807"
440130,1,"72","497561"
440130,1,"73","502816"
440130,1,"74","507920"
440130,1,"75","513625"
440130,1,"76","518579"
440130,1,"77","523734"
440130,1,"78","528638"
440130,1,"79","534026"
440130,1,"80","539198"
440130,1,"81","544069"
440130,1,"82","548539"
440130,1,"83","553660"
440130,1,"84","559449"
440130,1,"85","564436"
440130,1,"86","569307"
440130,1,"87","574946"
440130,1,"88","579933"
440130,1,"89","585138"
440130,1,"90","589408"
440130,1,"91","594179"
440130,1,"92","599334"
440130,1,"93","604021"
440130,1,"94","609626"
440130,1,"95","614430"
440130,1,"96","619251"
440130,1,"145","637417"
440130,1,"146","641471"
440130,1,"147","646726"
440130,1,"148","652447"
440130,1,"149","657318"
440130,1,"150","662423"
440130,1,"151","667727"
440130,1,"152","672331"
440130,1,"153","677519"
440130,1,"154","682190"
440130,1,"155","688095"
440130,1,"156","692866"
440130,1,"157","697821"
440130,1,"158","703159"
440130,1,"159","708463"
440130,1,"160","713768"
440130,1,"161","718806"
440130,1,"162","724561"
440130,1,"163","729615"
440130,1,"164","734136"
440130,1,"165","740191"
440130,1,"166","744712"
440130,1,"167","749850"
440130,1,"168","755288"
440130,1,"169","760909"
440130,1,"170","766364"
440130,1,"171","771385"
440130,1,"172","776190"
440130,1,"173","781127"
440130,1,"174","786015"
440130,1,"175","790836"
440130,1,"176","795490"
440130,1,"177","799944"
440130,1,"178","804398"
440130,1,"179","809586"
440130,1,"180","814790"
440130,1,"181","819795"
440130,1,"182","825116"
440130,1,"183","830170"
440130,1,"184","835192"
440130,1,"185","839846"
440130,1,"186","844466"
440130,1,"187","848904"
440130,1,"188","854425"
440130,1,"189","859113"
440130,1,"190","863500"
440130,1,"191","868688"
440130,1,"192","873825"
440144,1,"1","105561"
440144,1,"2","109915"
440144,1,"3","114703"
440144,1,"4","119623"
440144,1,"5","124528"
440144,1,"6","129515"
440144,1,"7","135104"
440144,1,"8","140475"
440144,1,"9","146130"
440144,1,"10","150334"
440144,1,"11","155088"
440144,1,"12","159575"
440144,1,"13","164863"
440144,1,"14","169150"
440144,1,"15","173921"
440144,1,"16","179793"
440144,1,"17","184730"
440144,1,"18","189018"
440144,1,"19","193939"
440144,1,"20","199110"
440144,1,"21","203964"
440144,1,"22","209719"
440144,1,"23","214874"
440144,1,"24","220028"
440144,1,"25","225132"
440144,1,"26","230604"
440144,1,"27","235642"
440144,1,"28","240513"
440144,1,"29","245667"
440144,1,"30","251189"
440144,1,"31","256427"
440144,1,"32","261881"
440144,1,"33","267036"
440144,1,"34","271673"
440144,1,"35","276110"
440144,1,"36","281031"
440144,1,"37","285485"
440144,1,"38","289739"
440144,1,"39","295244"
440144,1,"40","300765"
440144,1,"41","305803"
440144,1,"42","311858"
440144,1,"43","317196"
440144,1,"44","321717"
440144,1,"45","326104"
440144,1,"46","331075"
440144,1,"47","335963"
440144,1,"48","341851"
440144,1,"49","359550"
440144,1,"50","363604"
440144,1,"51","368691"
440144,1,"52","373462"
440144,1,"53","377883"
440144,1,"54","383288"
440144,1,"55","388759"
440144,1,"56","393663"
440144,1,"57","397800"
440144,1,"58","403722"
440144,1,"59","409144"
440144,1,"60","414065"
440144,1,"61","418802"
440144,1,"62","423506"
440144,1,"63","428177"
440144,1,"64","433665"
440144,1,"65","438086"
440144,1,"66","443290"
440144,1,"67","448128"
440144,1,"68","453649"
440144,1,"69","458170"
440144,1,"70","463458"
440144,1,"71","468429"
440144,1,"72","473467"
440144,1,"73","478388"
440144,1,"74","483809"
440144,1,"75","489414"
440144,1,"76","494318"
440144,1,"77","499489"
440144,1,"78","504611"
440144,1,"79","510015"
440144,1,"80","515654"
440144,1,"81","520241"
440144,1,"82","524344"
440144,1,"83","529332"
440144,1,"84","534837"
440144,1,"85","540125"
440144,1,"86","544996"
440144,1,"87","550851"
440144,1,"88","555472"
440144,1,"89","560826"
440144,1,"90","565114"
440144,1,"91","569684"
440144,1,"92","574905"
440144,1,"93","579860"
440144,1,"94","585381"
440144,1,"95","589852"
440144,1,"96","594940"
440144,1,"97","613072"
440144,1,"98","617376"
440144,1,"99","622447"
440144,1,"100","628035"
440144,1,"101","633223"
440144,1,"102","637694"
440144,1,"103","643349"
440144,1,"104","648153"
440144,1,"105","653591"
440144,1,"106","658295"
440144,1,"107","663800"
440144,1,"108","668554"
440144,1,"109","673559"
440144,1,"110","678746"
440144,1,"111","683834"
440144,1,"112","689222"
440144,1,"113","694494"
440144,1,"114","700899"
440144,1,"115","704953"
440144,1,"116","709974"
440144,1,"117","715829"
440144,1,"118","720266"
440144,1,"119","725621"
440144,1,"120","731109"
440144,1,"121","736764"
440144,1,"122","742185"
440144,1,"123","747206"
440144,1,"124","752261"
440144,1,"125","757349"
440144,1,"126","762086"
440144,1,"127","766807"
440144,1,"128","771461"
440144,1,"129","776048"
440144,1,"130","780569"
440144,1,"131","785824"
440144,1,"132","790227"
440144,1,"133","795899"
440144,1,"134","801271"
440144,1,"135","805858"
440144,1,"136","810729"
440144,1,"137","815883"
440144,1,"138","820304"
440144,1,"139","824841"
440144,1,"140","830196"
440144,1,"141","835100"
440144,1,"142","839154"
440144,1,"143","844558"
440144,1,"144","849913"
440146,1,"1","123745"
440146,1,"2","128416"
440146,1,"3","132619"
440146,1,"4","138107"
440146,1,"5","142528"
440146,1,"6","147632"
440146,1,"7","152537"
440146,1,"8","159860"
440146,1,"9","163713"
440146,1,"10","168150"
440146,1,"11","173271"
440146,1,"12","177392"
440146,1,"13","182980"
440146,1,"14","187684"
440146,1,"15","191754"
440146,1,"16","197509"
440146,1,"17","202931"
440146,1,"18","207018"
440146,1,"19","211455"
440146,1,"20","217343"
440146,1,"21","221881"
440146,1,"22","227402"
440146,1,"23","233708"
440146,1,"24","238145"
440146,1,"25","243283"
440146,1,"26","248337"
440146,1,"27","253625"
440146,1,"28","258663"
440146,1,"29","263500"
440146,1,"30","269539"
440146,1,"31","274927"
440146,1,"32","279581"
440146,1,"33","284752"
440146,1,"34","290090"
440146,1,"35","294594"
440146,1,"36","298581"
440146,1,"37","303519"
440146,1,"38","308206"
440146,1,"39","313111"
440146,1,"40","318866"
440146,1,"41","324387"
440146,1,"42","329825"
440146,1,"43","335347"
440146,1,"44","339901"
440146,1,"45","344371"
440146,1,"46","349209"
440146,1,"47","353896"
440146,1,"48","359751"
440146,1,"49","376616"
440146,1,"50","382438"
440146,1,"51","386491"
440146,1,"52","391346"
440146,1,"53","395866"
440146,1,"54","401054"
440146,1,"55","406409"
440146,1,"56","411830"
440146,1,"57","416401"
440146,1,"58","422056"
440146,1,"59","427010"
440146,1,"60","432598"
440146,1,"61","437069"
440146,1,"62","441790"
440146,1,"63","446361"
440146,1,"64","452116"
440146,1,"65","457554"
440146,1,"66","461624"
440146,1,"67","465928"
440146,1,"68","472050"
440146,1,"69","476687"
440146,1,"70","481358"
440146,1,"71","486913"
440146,1,"72","491867"
440146,1,"73","496288"
440146,1,"74","501692"
440146,1,"75","507214"
440146,1,"76","512068"
440146,1,"77","517690"
440146,1,"78","522827"
440146,1,"79","528182"
440146,1,"80","533020"
440146,1,"81","537741"
440146,1,"82","542328"
440146,1,"83","547099"
440146,1,"84","553204"
440146,1,"85","557925"
440146,1,"86","562963"
440146,1,"87","568467"
440146,1,"88","573372"
440146,1,"89","578626"
440146,1,"90","585399"
440146,1,"91","588151"
440146,1,"92","592972"
440146,1,"93","597776"
440146,1,"94","604215"
440146,1,"95","608136"
440146,1,"96","613157"
440146,1,"97","632107"
440146,1,"98","635293"
440146,1,"99","640814"
440146,1,"100","646953"
440146,1,"101","651774"
440146,1,"102","655677"
440146,1,"103","661265"
440146,1,"104","666070"
440146,1,"105","671224"
440146,1,"106","676012"
440146,1,"107","681800"
440146,1,"108","686921"
440146,1,"109","691959"
440146,1,"110","696980"
440146,1,"111","701984"
440146,1,"112","707372"
440146,1,"113","712660"
440146,1,"114","719516"
440146,1,"115","722936"
440146,1,"116","727607"
440146,1,"117","733445"
440146,1,"118","738133"
440146,1,"119","743170"
440146,1,"120","748976"
440146,1,"121","754847"
440146,1,"122","759852"
440146,1,"123","765457"
440146,1,"124","770361"
440146,1,"125","775165"
440146,1,"126","780220"
440146,1,"127","784607"
440146,1,"128","789194"
440146,1,"129","793765"
440146,1,"130","798953"
440146,1,"131","803774"
440146,1,"132","808778"
440146,1,"133","814116"
440146,1,"134","818837"
440146,1,"135","823574"
440146,1,"136","829429"
440146,1,"137","834050"
440146,1,"138","838204"
440146,1,"139","842958"
440146,1,"140","848062"
440146,1,"141","852933"
440146,1,"142","857154"
440146,1,"143","862475"
440146,1,"144","867629"
440151,1,"1","125561"
440151,1,"2","129932"
440151,1,"3","134553"
440151,1,"4","139924"
440151,1,"5","144661"
440151,1,"6","150016"
440151,1,"7","154937"
440151,1,"8","160992"
440151,1,"9","166214"
440151,1,"10","171068"
440151,1,"11","175272"
440151,1,"12","179842"
440151,1,"13","185130"
440151,1,"14","189584"
440151,1,"15","194288"
440151,1,"16","200127"
440151,1,"17","205081"
440151,1,"18","209368"
440151,1,"19","214590"
440151,1,"20","220194"
440151,1,"21","224598"
440151,1,"22","229886"
440151,1,"23","235224"
440151,1,"24","240846"
440151,1,"25","245717"
440151,1,"26","250855"
440151,1,"27","255993"
440151,1,"28","261214"
440151,1,"29","265918"
440151,1,"30","271773"
440151,1,"31","278612"
440151,1,"32","281832"
440151,1,"33","287020"
440151,1,"34","292041"
440151,1,"35","296495"
440151,1,"36","300949"
440151,1,"37","305970"
440151,1,"38","310290"
440151,1,"39","315361"
440151,1,"40","321016"
440151,1,"41","326822"
440151,1,"42","331843"
440151,1,"43","337965"
440151,1,"44","343703"
440151,1,"45","347023"
440151,1,"46","352144"
440151,1,"47","356247"
440151,1,"48","363787"
440151,1,"49","379318"
440151,1,"50","384122"
440151,1,"51","389210"
440151,1,"52","393897"
440151,1,"53","398585"
440151,1,"54","403639"
440151,1,"55","408710"
440151,1,"56","413631"
440151,1,"57","420087"
440151,1,"58","423874"
440151,1,"59","429612"
440151,1,"60","435150"
440151,1,"61","440221"
440151,1,"62","443975"
440151,1,"63","448695"
440151,1,"64","455852"
440151,1,"65","458337"
440151,1,"66","463525"
440151,1,"67","469430"
440151,1,"68","474485"
440151,1,"69","478655"
440151,1,"70","483759"
440151,1,"71","489098"
440151,1,"72","495503"
440151,1,"73","500558"
440151,1,"74","503727"
440151,1,"75","509766"
440151,1,"76","514820"
440151,1,"77","519741"
440151,1,"78","524996"
440151,1,"79","530117"
440151,1,"80","535522"
440151,1,"81","541944"
440151,1,"82","544997"
440151,1,"83","549651"
440151,1,"84","557107"
440151,1,"85","560877"
440151,1,"86","566516"
440151,1,"87","571020"
440151,1,"88","576925"
440151,1,"89","581178"
440151,1,"90","587367"
440151,1,"91","589970"
440151,1,"92","595658"
440151,1,"93","601797"
440151,1,"94","606534"
440151,1,"95","610171"
440151,1,"96","615359"
440151,1,"97","632824"
440151,1,"98","638012"
440151,1,"99","644518"
440151,1,"100","648221"
440151,1,"101","653792"
440151,1,"102","658380"
440151,1,"103","665286"
440151,1,"104","669089"
440151,1,"105","673743"
440151,1,"106","678197"
440151,1,"107","684836"
440151,1,"108","689240"
440151,1,"109","694078"
440151,1,"110","700817"
440151,1,"111","704120"
440151,1,"112","709925"
440151,1,"113","715880"
440151,1,"114","722319"
440151,1,"115","726873"
440151,1,"116","729776"
440151,1,"117","737466"
440151,1,"118","740385"
440151,1,"119","745356"
440151,1,"120","752880"
440151,1,"121","756750"
440151,1,"122","762054"
440151,1,"123","769161"
440151,1,"124","773881"
440151,1,"125","777168"
440151,1,"126","781938"
440151,1,"127","787060"
440151,1,"128","793065"
440151,1,"129","797119"
440151,1,"130","800572"
440151,1,"131","806126"
440151,1,"132","811781"
440151,1,"133","817553"
440151,1,"134","822608"
440151,1,"135","826394"
440151,1,"136","830832"
440151,1,"137","835752"
440151,1,"138","841975"
440151,1,"139","846128"
440151,1,"140","850082"
440151,1,"141","856371"
440151,1,"142","859156"
440151,1,"143","865629"
440151,1,"144","871384"
440154,1,"1","125722"
440154,1,"2","130309"
440154,1,"3","134947"
440154,1,"4","139751"
440154,1,"5","144872"
440154,1,"6","150627"
440154,1,"7","155498"
440154,1,"8","160953"
440154,1,"9","166658"
440154,1,"10","172079"
440154,1,"11","176283"
440154,1,"12","180937"
440154,1,"13","184890"
440154,1,"14","189361"
440154,1,"15","194649"
440154,1,"16","200137"
440154,1,"17","204958"
440154,1,"18","209679"
440154,1,"19","213916"
440154,1,"20","220121"
440154,1,"21","225009"
440154,1,"22","230080"
440154,1,"23","235435"
440154,1,"24","240556"
440154,1,"25","246028"
440154,1,"26","251165"
440154,1,"27","256503"
440154,1,"28","261691"
440154,1,"29","266579"
440154,1,"30","272367"
440154,1,"31","277689"
440154,1,"32","282076"
440154,1,"33","287648"
440154,1,"34","292802"
440154,1,"35","296555"
440154,1,"36","301143"
440154,1,"37","307048"
440154,1,"38","310584"
440154,1,"39","316073"
440154,1,"40","321060"
440154,1,"41","326715"
440154,1,"42","331953"
440154,1,"43","337742"
440154,1,"44","342596"
440154,1,"45","346966"
440154,1,"46","351821"
440154,1,"47","357592"
440154,1,"48","362363"
440154,1,"49","379945"
440154,1,"50","383932"
440154,1,"51","390054"
440154,1,"52","394108"
440154,1,"53","398195"
440154,1,"54","403333"
440154,1,"55","409054"
440154,1,"56","414443"
440154,1,"57","419147"
440154,1,"58","424184"
440154,1,"59","430623"
440154,1,"60","434777"
440154,1,"61","439748"
440154,1,"62","444269"
440154,1,"63","449006"
440154,1,"64","454861"
440154,1,"65","459566"
440154,1,"66","464620"
440154,1,"67","469324"
440154,1,"68","474229"
440154,1,"69","478783"
440154,1,"70","484471"
440154,1,"71","489342"
440154,1,"72","494980"
440154,1,"73","499217"
440154,1,"74","503738"
440154,1,"75","509693"
440154,1,"76","514747"
440154,1,"77","519802"
440154,1,"78","524773"
440154,1,"79","530878"
440154,1,"80","535466"
440154,1,"81","541187"
440154,1,"82","545675"
440154,1,"83","549445"
440154,1,"84","556134"
440154,1,"85","561088"
440154,1,"86","566260"
440154,1,"87","571831"
440154,1,"88","575851"
440154,1,"89","580989"
440154,1,"90","586277"
440154,1,"91","590447"
440154,1,"92","596236"
440154,1,"93","601090"
440154,1,"94","606228"
440154,1,"95","610165"
440154,1,"96","616304"
440154,1,"97","633052"
440154,1,"98","637773"
440154,1,"99","642860"
440154,1,"100","648415"
440154,1,"101","654170"
440154,1,"102","657707"
440154,1,"103","664012"
440154,1,"104","668750"
440154,1,"105","673487"
440154,1,"106","678325"
440154,1,"107","683947"
440154,1,"108","688884"
440154,1,"109","694206"
440154,1,"110","699944"
440154,1,"111","704148"
440154,1,"112","709602"
440154,1,"113","714907"
440154,1,"114","720329"
440154,1,"115","725116"
440154,1,"116","730254"
440154,1,"117","735709"
440154,1,"118","740780"
440154,1,"119","745484"
440154,1,"120","751172"
440154,1,"121","756694"
440154,1,"122","762532"
440154,1,"123","767887"
440154,1,"124","772558"
440154,1,"125","777145"
440154,1,"126","782433"
440154,1,"127","786754"
440154,1,"128","791391"
440154,1,"129","795812"
440154,1,"130","800382"
440154,1,"131","806004"
440154,1,"132","809941"
440154,1,"133","816597"
440154,1,"134","821134"
440154,1,"135","825471"
440154,1,"136","831693"
440154,1,"137","836481"
440154,1,"138","840868"
440154,1,"139","844855"
440154,1,"140","850076"
440154,1,"141","854680"
440154,1,"142","860402"
440154,1,"143","864739"
440154,1,"144","869794"
440218,1,"1","138037"
440218,1,"2","143026"
440218,1,"3","147547"
440218,1,"4","152635"
440218,1,"5","157474"
440218,1,"6","162862"
440218,1,"7","167884"
440218,1,"8","173723"
440218,1,"9","178945"
440218,1,"10","183233"
440218,1,"11","187971"
440218,1,"12","193176"
440218,1,"13","197497"
440218,1,"14","202219"
440218,1,"15","206640"
440218,1,"16","212880"
440218,1,"17","218052"
440218,1,"18","222089"
440218,1,"19","227161"
440218,1,"20","231899"
440218,1,"21","236887"
440218,1,"22","242460"
440218,1,"23","248365"
440218,1,"24","253371"
440218,1,"25","258309"
440218,1,"26","263598"
440218,1,"27","268970"
440218,1,"28","273774"
440218,1,"29","278062"
440218,1,"30","284018"
440218,1,"31","289374"
440218,1,"32","294279"
440218,1,"33","299684"
440218,1,"34","304389"
440218,1,"35","309210"
440218,1,"36","313381"
440218,1,"37","318169"
440218,1,"38","323124"
440218,1,"39","327779"
440218,1,"40","333735"
440218,1,"41","338590"
440218,1,"42","344129"
440218,1,"43","349951"
440218,1,"44","354323"
440218,1,"45","359544"
440218,1,"46","363799"
440218,1,"47","368587"
440218,1,"48","374593"
440218,1,"49","392027"
440218,1,"50","396282"
440218,1,"51","401120"
440218,1,"52","405858"
440218,1,"53","410329"
440218,1,"54","415634"
440218,1,"55","420806"
440218,1,"56","425795"
440218,1,"57","430316"
440218,1,"58","436522"
440218,1,"59","441661"
440218,1,"60","446666"
440218,1,"61","451738"
440218,1,"62","456142"
440218,1,"63","460563"
440218,1,"64","466035"
440218,1,"65","470673"
440218,1,"66","475979"
440218,1,"67","480617"
440218,1,"68","486206"
440218,1,"69","490827"
440218,1,"70","495749"
440218,1,"71","501121"
440218,1,"72","505842"
440218,1,"73","510981"
440218,1,"74","516053"
440218,1,"75","522676"
440218,1,"76","526964"
440218,1,"77","531919"
440218,1,"78","537291"
440218,1,"79","542212"
440218,1,"80","547484"
440218,1,"81","552323"
440218,1,"82","556794"
440218,1,"83","561849"
440218,1,"84","567621"
440218,1,"85","572743"
440218,1,"86","577448"
440218,1,"87","583270"
440218,1,"88","587959"
440218,1,"89","593064"
440218,1,"90","597735"
440218,1,"91","602206"
440218,1,"92","607528"
440218,1,"93","612183"
440218,1,"94","617855"
440218,1,"95","622794"
440218,1,"96","628233"
440218,1,"97","645467"
440218,1,"98","649804"
440218,1,"99","654926"
440218,1,"100","660282"
440218,1,"101","665487"
440218,1,"102","669908"
440218,1,"103","675747"
440218,1,"104","680502"
440218,1,"105","686258"
440218,1,"106","690612"
440218,1,"107","696318"
440218,1,"108","701657"
440218,1,"109","706578"
440218,1,"110","711734"
440218,1,"111","716555"
440218,1,"112","721910"
440218,1,"113","727283"
440218,1,"114","732788"
440218,1,"115","737510"
440218,1,"116","742214"
440218,1,"117","748037"
440218,1,"118","752675"
440218,1,"119","758147"
440218,1,"120","763386"
440218,1,"121","769158"
440218,1,"122","774597"
440218,1,"123","779969"
440218,1,"124","784607"
440218,1,"125","789812"
440218,1,"126","794601"
440218,1,"127","799355"
440218,1,"128","804210"
440218,1,"129","808448"
440218,1,"130","813236"
440218,1,"131","817957"
440218,1,"132","823213"
440218,1,"133","828285"
440218,1,"134","833039"
440218,1,"135","837894"
440218,1,"136","843283"
440218,1,"137","848588"
440218,1,"138","852826"
440218,1,"139","857564"
440218,1,"140","862753"
440218,1,"141","867457"
440218,1,"142","871912"
440218,1,"143","877334"
440218,1,"144","882189"
440225,1,"1","100371"
440225,1,"2","105159"
440225,1,"3","109313"
440225,1,"4","114018"
440225,1,"5","118823"
440225,1,"6","124462"
440225,1,"7","130451"
440225,1,"8","135089"
440225,1,"9","140328"
440225,1,"10","144983"
440225,1,"11","149687"
440225,1,"12","154676"
440225,1,"13","159547"
440225,1,"14","164018"
440225,1,"15","168340"
440225,1,"16","174412"
440225,1,"17","179367"
440225,1,"18","183855"
440225,1,"19","188393"
440225,1,"20","193815"
440225,1,"21","198971"
440225,1,"22","204192"
440225,1,"23","210382"
440225,1,"24","215120"
440225,1,"25","220659"
440225,1,"26","225347"
440225,1,"27","230553"
440225,1,"28","235407"
440225,1,"29","240296"
440225,1,"30","246052"
440225,1,"31","251140"
440225,1,"32","256412"
440225,1,"33","261417"
440225,1,"34","266506"
440225,1,"35","271160"
440225,1,"36","275348"
440225,1,"37","280386"
440225,1,"38","284524"
440225,1,"39","289846"
440225,1,"40","295735"
440225,1,"41","300690"
440225,1,"42","306329"
440225,1,"43","312469"
440225,1,"44","316556"
440225,1,"45","320927"
440225,1,"46","326049"
440225,1,"47","330570"
440225,1,"48","336176"
440225,1,"49","354395"
440225,1,"50","358182"
440225,1,"51","363437"
440225,1,"52","367908"
440225,1,"53","372396"
440225,1,"54","378335"
440225,1,"55","383157"
440225,1,"56","388029"
440225,1,"57","392700"
440225,1,"58","398406"
440225,1,"59","403911"
440225,1,"60","408983"
440225,1,"61","413538"
440225,1,"62","418259"
440225,1,"63","423031"
440225,1,"64","428369"
440225,1,"65","432807"
440225,1,"66","438897"
440225,1,"67","442767"
440225,1,"68","448423"
440225,1,"69","452994"
440225,1,"70","458784"
440225,1,"71","463229"
440225,1,"72","468310"
440225,1,"73","473315"
440225,1,"74","478470"
440225,1,"75","484476"
440225,1,"76","489231"
440225,1,"77","494353"
440225,1,"78","499225"
440225,1,"79","504580"
440225,1,"80","509752"
440225,1,"81","514573"
440225,1,"82","519045"
440225,1,"83","524300"
440225,1,"84","529956"
440225,1,"85","534977"
440225,1,"86","539932"
440225,1,"87","545755"
440225,1,"88","550393"
440225,1,"89","556082"
440225,1,"90","560870"
440225,1,"91","564758"
440225,1,"92","570096"
440225,1,"93","574768"
440225,1,"94","580473"
440225,1,"95","585045"
440225,1,"96","590067"
440225,1,"97","607918"
440225,1,"98","612022"
440225,1,"99","617478"
440225,1,"100","622900"
440225,1,"101","628155"
440225,1,"102","632660"
440225,1,"103","638048"
440225,1,"104","642953"
440225,1,"105","649310"
440225,1,"106","652930"
440225,1,"107","658519"
440225,1,"108","663574"
440225,1,"109","668579"
440225,1,"110","673835"
440225,1,"111","678923"
440225,1,"112","685997"
440225,1,"113","689684"
440225,1,"114","695240"
440225,1,"115","699928"
440225,1,"116","704716"
440225,1,"117","710605"
440225,1,"118","714910"
440225,1,"119","720031"
440225,1,"120","726038"
440225,1,"121","731660"
440225,1,"122","736715"
440225,1,"123","742354"
440225,1,"124","747042"
440225,1,"125","751930"
440225,1,"126","756835"
440225,1,"127","761473"
440225,1,"128","766262"
440225,1,"129","770616"
440225,1,"130","775071"
440225,1,"131","780409"
440225,1,"132","784780"
440225,1,"133","790603"
440225,1,"134","795608"
440225,1,"135","800246"
440225,1,"136","805401"
440225,1,"137","810540"
440225,1,"138","814911"
440225,1,"139","819716"
440225,1,"140","825038"
440225,1,"141","829676"
440225,1,"142","834364"
440225,1,"143","839536"
440225,1,"144","844658"
222028,1,"1","133039"
222028,1,"2","137827"
222028,1,"3","141630"
222028,1,"4","146251"
222028,1,"5","150938"
222028,1,"6","156393"
222028,1,"7","161297"
222028,1,"8","168053"
222028,1,"9","172624"
222028,1,"10","176928"
222028,1,"11","181899"
222028,1,"12","186586"
222028,1,"13","191407"
222028,1,"14","195928"
222028,1,"15","200599"
222028,1,"16","206454"
222028,1,"17","211642"
222028,1,"18","215845"
222028,1,"19","220399"
222028,1,"20","225875"
222028,1,"21","230508"
222028,1,"22","236947"
222028,1,"23","241368"
222028,1,"24","246489"
222028,1,"25","251593"
222028,1,"26","257132"
222028,1,"27","262436"
222028,1,"28","267357"
222028,1,"29","272078"
222028,1,"30","277766"
222028,1,"31","283021"
222028,1,"32","288092"
222028,1,"33","293230"
222028,1,"34","298718"
222028,1,"35","303389"
222028,1,"36","307109"
222028,1,"37","311830"
222028,1,"38","316417"
222028,1,"39","321522"
222028,1,"40","327327"
222028,1,"41","332765"
222028,1,"42","338236"
222028,1,"43","343841"
222028,1,"44","348479"
222028,1,"45","352816"
222028,1,"46","357753"
222028,1,"47","362824"
222028,1,"48","368062"
222028,1,"49","386429"
222028,1,"50","390449"
222028,1,"51","395170"
222028,1,"52","400024"
222028,1,"53","404645"
222028,1,"54","409599"
222028,1,"55","414653"
222028,1,"56","419925"
222028,1,"57","425146"
222028,1,"58","430351"
222028,1,"59","435989"
222028,1,"60","440893"
222028,1,"61","445631"
222028,1,"62","450835"
222028,1,"63","454905"
222028,1,"64","461928"
222028,1,"65","464898"
222028,1,"66","470085"
222028,1,"67","474756"
222028,1,"68","480144"
222028,1,"69","485099"
222028,1,"70","490070"
222028,1,"71","495024"
222028,1,"72","500145"
222028,1,"73","505033"
222028,1,"74","510855"
222028,1,"75","516093"
222028,1,"76","521030"
222028,1,"77","526168"
222028,1,"78","530956"
222028,1,"79","536344"
222028,1,"80","541765"
222028,1,"81","546553"
222028,1,"82","551057"
222028,1,"83","555861"
222028,1,"84","561950"
222028,1,"85","566620"
222028,1,"86","572175"
222028,1,"87","578981"
222028,1,"88","582601"
222028,1,"89","587722"
222028,1,"90","591776"
222028,1,"91","596513"
222028,1,"92","603286"
222028,1,"93","606822"
222028,1,"94","612627"
222028,1,"95","616447"
222028,1,"96","621302"
222028,1,"97","640535"
222028,1,"98","643388"
222028,1,"99","648809"
222028,1,"100","654331"
222028,1,"101","659569"
222028,1,"102","664506"
222028,1,"103","669528"
222028,1,"104","674248"
222028,1,"105","680521"
222028,1,"106","684357"
222028,1,"107","690279"
222028,1,"108","695267"
222028,1,"109","700021"
222028,1,"110","705509"
222028,1,"111","710580"
222028,1,"112","716469"
222028,1,"113","720856"
222028,1,"114","726728"
222028,1,"115","731265"
222028,1,"116","736436"
222028,1,"117","742558"
222028,1,"118","746745"
222028,1,"119","751616"
222028,1,"120","757171"
222028,1,"121","763810"
222028,1,"122","768148"
222028,1,"123","773736"
222028,1,"124","778273"
222028,1,"125","783244"
222028,1,"126","788332"
222028,1,"127","793186"
222028,1,"128","797757"
222028,1,"129","802094"
222028,1,"130","808383"
222028,1,"131","812086"
222028,1,"132","815840"
222028,1,"133","821711"
222028,1,"134","826516"
222028,1,"135","832321"
222028,1,"136","836591"
222028,1,"137","841979"
222028,1,"138","846016"
222028,1,"139","851488"
222028,1,"140","856058"
222028,1,"141","860629"
222028,1,"142","865216"
222028,1,"143","872589"
222028,1,"144","875842"
