TR,decon_beta,.nifti
0.6,1,/ix1/adombrovski/DNPL_DataMesh/Data/EXP/data_fmriprep/fmriprep/sub-211669/func/nfas-sub-211669_task-clockRev_run-2_space-MNI152NLin2009cAsym_desc-preproc_bold.nii.gz
0.6,1,/ix1/adombrovski/DNPL_DataMesh/Data/EXP/data_fmriprep/fmriprep/sub-211253/func/nfas-sub-211253_task-clockRev_run-2_space-MNI152NLin2009cAsym_desc-preproc_bold.nii.gz
0.6,1,/ix1/adombrovski/DNPL_DataMesh/Data/EXP/data_fmriprep/fmriprep/sub-215622/func/nfas-sub-215622_task-clockRev_run-1_space-MNI152NLin2009cAsym_desc-preproc_bold.nii.gz
0.6,1,/ix1/adombrovski/DNPL_DataMesh/Data/EXP/data_fmriprep/fmriprep/sub-212019/func/nfas-sub-212019_task-clockRev_run-1_space-MNI152NLin2009cAsym_desc-preproc_bold.nii.gz
0.6,1,/ix1/adombrovski/DNPL_DataMesh/Data/EXP/data_fmriprep/fmriprep/sub-211669/func/nfas-sub-211669_task-clockRev_run-1_space-MNI152NLin2009cAsym_desc-preproc_bold.nii.gz
0.6,1,/ix1/adombrovski/DNPL_DataMesh/Data/EXP/data_fmriprep/fmriprep/sub-202278/func/nfas-sub-202278_task-clockRev_run-1_space-MNI152NLin2009cAsym_desc-preproc_bold.nii.gz
0.6,1,/ix1/adombrovski/DNPL_DataMesh/Data/EXP/data_fmriprep/fmriprep/sub-212019/func/nfas-sub-212019_task-clockRev_run-2_space-MNI152NLin2009cAsym_desc-preproc_bold.nii.gz
0.6,1,/ix1/adombrovski/DNPL_DataMesh/Data/EXP/data_fmriprep/fmriprep/sub-211253/func/nfas-sub-211253_task-clockRev_run-1_space-MNI152NLin2009cAsym_desc-preproc_bold.nii.gz
0.6,1,/ix1/adombrovski/DNPL_DataMesh/Data/EXP/data_fmriprep/fmriprep/sub-215622/func/nfas-sub-215622_task-clockRev_run-2_space-MNI152NLin2009cAsym_desc-preproc_bold.nii.gz
0.6,1,/ix1/adombrovski/DNPL_DataMesh/Data/EXP/data_fmriprep/fmriprep/sub-216011/func/nfas-sub-216011_task-clockRev_run-1_space-MNI152NLin2009cAsym_desc-preproc_bold.nii.gz
0.6,1,/ix1/adombrovski/DNPL_DataMesh/Data/EXP/data_fmriprep/fmriprep/sub-202735/func/nfas-sub-202735_task-clockRev_run-1_space-MNI152NLin2009cAsym_desc-preproc_bold.nii.gz
0.6,1,/ix1/adombrovski/DNPL_DataMesh/Data/EXP/data_fmriprep/fmriprep/sub-202278/func/nfas-sub-202278_task-clockRev_run-2_space-MNI152NLin2009cAsym_desc-preproc_bold.nii.gz
0.6,1,/ix1/adombrovski/DNPL_DataMesh/Data/EXP/data_fmriprep/fmriprep/sub-211274/func/nfas-sub-211274_task-clockRev_run-2_space-MNI152NLin2009cAsym_desc-preproc_bold.nii.gz
0.6,1,/ix1/adombrovski/DNPL_DataMesh/Data/EXP/data_fmriprep/fmriprep/sub-212794/func/nfas-sub-212794_task-clockRev_run-2_space-MNI152NLin2009cAsym_desc-preproc_bold.nii.gz
0.6,1,/ix1/adombrovski/DNPL_DataMesh/Data/EXP/data_fmriprep/fmriprep/sub-211274/func/nfas-sub-211274_task-clockRev_run-1_space-MNI152NLin2009cAsym_desc-preproc_bold.nii.gz
0.6,1,/ix1/adombrovski/DNPL_DataMesh/Data/EXP/data_fmriprep/fmriprep/sub-202200/func/nfas-sub-202200_task-clockRev_run-2_space-MNI152NLin2009cAsym_desc-preproc_bold.nii.gz
0.6,1,/ix1/adombrovski/DNPL_DataMesh/Data/EXP/data_fmriprep/fmriprep/sub-212020/func/nfas-sub-212020_task-clockRev_run-2_space-MNI152NLin2009cAsym_desc-preproc_bold.nii.gz
0.6,1,/ix1/adombrovski/DNPL_DataMesh/Data/EXP/data_fmriprep/fmriprep/sub-212794/func/nfas-sub-212794_task-clockRev_run-1_space-MNI152NLin2009cAsym_desc-preproc_bold.nii.gz
0.6,1,/ix1/adombrovski/DNPL_DataMesh/Data/EXP/data_fmriprep/fmriprep/sub-212020/func/nfas-sub-212020_task-clockRev_run-1_space-MNI152NLin2009cAsym_desc-preproc_bold.nii.gz
0.6,1,/ix1/adombrovski/DNPL_DataMesh/Data/EXP/data_fmriprep/fmriprep/sub-212856/func/nfas-sub-212856_task-clockRev_run-1_space-MNI152NLin2009cAsym_desc-preproc_bold.nii.gz
0.6,1,/ix1/adombrovski/DNPL_DataMesh/Data/EXP/data_fmriprep/fmriprep/sub-212856/func/nfas-sub-212856_task-clockRev_run-2_space-MNI152NLin2009cAsym_desc-preproc_bold.nii.gz
0.6,1,/ix1/adombrovski/DNPL_DataMesh/Data/EXP/data_fmriprep/fmriprep/sub-220566/func/nfas-sub-220566_task-clockRev_run-1_space-MNI152NLin2009cAsym_desc-preproc_bold.nii.gz
0.6,1,/ix1/adombrovski/DNPL_DataMesh/Data/EXP/data_fmriprep/fmriprep/sub-215537/func/nfas-sub-215537_task-clockRev_run-1_space-MNI152NLin2009cAsym_desc-preproc_bold.nii.gz
0.6,1,/ix1/adombrovski/DNPL_DataMesh/Data/EXP/data_fmriprep/fmriprep/sub-220523/func/nfas-sub-220523_task-clockRev_run-2_space-MNI152NLin2009cAsym_desc-preproc_bold.nii.gz
0.6,1,/ix1/adombrovski/DNPL_DataMesh/Data/EXP/data_fmriprep/fmriprep/sub-204015/func/nfas-sub-204015_task-clockRev_run-2_space-MNI152NLin2009cAsym_desc-preproc_bold.nii.gz
0.6,1,/ix1/adombrovski/DNPL_DataMesh/Data/EXP/data_fmriprep/fmriprep/sub-218219/func/nfas-sub-218219_task-clockRev_run-1_space-MNI152NLin2009cAsym_desc-preproc_bold.nii.gz
0.6,1,/ix1/adombrovski/DNPL_DataMesh/Data/EXP/data_fmriprep/fmriprep/sub-213704/func/nfas-sub-213704_task-clockRev_run-1_space-MNI152NLin2009cAsym_desc-preproc_bold.nii.gz
0.6,1,/ix1/adombrovski/DNPL_DataMesh/Data/EXP/data_fmriprep/fmriprep/sub-218219/func/nfas-sub-218219_task-clockRev_run-2_space-MNI152NLin2009cAsym_desc-preproc_bold.nii.gz
0.6,1,/ix1/adombrovski/DNPL_DataMesh/Data/EXP/data_fmriprep/fmriprep/sub-220531/func/nfas-sub-220531_task-clockRev_run-2_space-MNI152NLin2009cAsym_desc-preproc_bold.nii.gz
0.6,1,/ix1/adombrovski/DNPL_DataMesh/Data/EXP/data_fmriprep/fmriprep/sub-220244/func/nfas-sub-220244_task-clockRev_run-1_space-MNI152NLin2009cAsym_desc-preproc_bold.nii.gz
0.6,1,/ix1/adombrovski/DNPL_DataMesh/Data/EXP/data_fmriprep/fmriprep/sub-213708/func/nfas-sub-213708_task-clockRev_run-2_space-MNI152NLin2009cAsym_desc-preproc_bold.nii.gz
0.6,1,/ix1/adombrovski/DNPL_DataMesh/Data/EXP/data_fmriprep/fmriprep/sub-213708/func/nfas-sub-213708_task-clockRev_run-1_space-MNI152NLin2009cAsym_desc-preproc_bold.nii.gz
0.6,1,/ix1/adombrovski/DNPL_DataMesh/Data/EXP/data_fmriprep/fmriprep/sub-216028/func/nfas-sub-216028_task-clockRev_run-1_space-MNI152NLin2009cAsym_desc-preproc_bold.nii.gz
0.6,1,/ix1/adombrovski/DNPL_DataMesh/Data/EXP/data_fmriprep/fmriprep/sub-216806/func/nfas-sub-216806_task-clockRev_run-1_space-MNI152NLin2009cAsym_desc-preproc_bold.nii.gz
0.6,1,/ix1/adombrovski/DNPL_DataMesh/Data/EXP/data_fmriprep/fmriprep/sub-217173/func/nfas-sub-217173_task-clockRev_run-1_space-MNI152NLin2009cAsym_desc-preproc_bold.nii.gz
0.6,1,/ix1/adombrovski/DNPL_DataMesh/Data/EXP/data_fmriprep/fmriprep/sub-217173/func/nfas-sub-217173_task-clockRev_run-2_space-MNI152NLin2009cAsym_desc-preproc_bold.nii.gz
0.6,1,/ix1/adombrovski/DNPL_DataMesh/Data/EXP/data_fmriprep/fmriprep/sub-219392/func/nfas-sub-219392_task-clockRev_run-1_space-MNI152NLin2009cAsym_desc-preproc_bold.nii.gz
0.6,1,/ix1/adombrovski/DNPL_DataMesh/Data/EXP/data_fmriprep/fmriprep/sub-220184/func/nfas-sub-220184_task-clockRev_run-1_space-MNI152NLin2009cAsym_desc-preproc_bold.nii.gz
0.6,1,/ix1/adombrovski/DNPL_DataMesh/Data/EXP/data_fmriprep/fmriprep/sub-220523/func/nfas-sub-220523_task-clockRev_run-1_space-MNI152NLin2009cAsym_desc-preproc_bold.nii.gz
0.6,1,/ix1/adombrovski/DNPL_DataMesh/Data/EXP/data_fmriprep/fmriprep/sub-218572/func/nfas-sub-218572_task-clockRev_run-2_space-MNI152NLin2009cAsym_desc-preproc_bold.nii.gz
0.6,1,/ix1/adombrovski/DNPL_DataMesh/Data/EXP/data_fmriprep/fmriprep/sub-216028/func/nfas-sub-216028_task-clockRev_run-2_space-MNI152NLin2009cAsym_desc-preproc_bold.nii.gz
0.6,1,/ix1/adombrovski/DNPL_DataMesh/Data/EXP/data_fmriprep/fmriprep/sub-219658/func/nfas-sub-219658_task-clockRev_run-2_space-MNI152NLin2009cAsym_desc-preproc_bold.nii.gz
0.6,1,/ix1/adombrovski/DNPL_DataMesh/Data/EXP/data_fmriprep/fmriprep/sub-219089/func/nfas-sub-219089_task-clockRev_run-1_space-MNI152NLin2009cAsym_desc-preproc_bold.nii.gz
0.6,1,/ix1/adombrovski/DNPL_DataMesh/Data/EXP/data_fmriprep/fmriprep/sub-219954/func/nfas-sub-219954_task-clockRev_run-1_space-MNI152NLin2009cAsym_desc-preproc_bold.nii.gz
0.6,1,/ix1/adombrovski/DNPL_DataMesh/Data/EXP/data_fmriprep/fmriprep/sub-218572/func/nfas-sub-218572_task-clockRev_run-1_space-MNI152NLin2009cAsym_desc-preproc_bold.nii.gz
0.6,1,/ix1/adombrovski/DNPL_DataMesh/Data/EXP/data_fmriprep/fmriprep/sub-220184/func/nfas-sub-220184_task-clockRev_run-2_space-MNI152NLin2009cAsym_desc-preproc_bold.nii.gz
0.6,1,/ix1/adombrovski/DNPL_DataMesh/Data/EXP/data_fmriprep/fmriprep/sub-204015/func/nfas-sub-204015_task-clockRev_run-1_space-MNI152NLin2009cAsym_desc-preproc_bold.nii.gz
0.6,1,/ix1/adombrovski/DNPL_DataMesh/Data/EXP/data_fmriprep/fmriprep/sub-219658/func/nfas-sub-219658_task-clockRev_run-1_space-MNI152NLin2009cAsym_desc-preproc_bold.nii.gz
0.6,1,/ix1/adombrovski/DNPL_DataMesh/Data/EXP/data_fmriprep/fmriprep/sub-212857/func/nfas-sub-212857_task-clockRev_run-1_space-MNI152NLin2009cAsym_desc-preproc_bold.nii.gz
0.6,1,/ix1/adombrovski/DNPL_DataMesh/Data/EXP/data_fmriprep/fmriprep/sub-215537/func/nfas-sub-215537_task-clockRev_run-2_space-MNI152NLin2009cAsym_desc-preproc_bold.nii.gz
0.6,1,/ix1/adombrovski/DNPL_DataMesh/Data/EXP/data_fmriprep/fmriprep/sub-219044/func/nfas-sub-219044_task-clockRev_run-1_space-MNI152NLin2009cAsym_desc-preproc_bold.nii.gz
0.6,1,/ix1/adombrovski/DNPL_DataMesh/Data/EXP/data_fmriprep/fmriprep/sub-210100/func/nfas-sub-210100_task-clockRev_run-1_space-MNI152NLin2009cAsym_desc-preproc_bold.nii.gz
0.6,1,/ix1/adombrovski/DNPL_DataMesh/Data/EXP/data_fmriprep/fmriprep/sub-217008/func/nfas-sub-217008_task-clockRev_run-1_space-MNI152NLin2009cAsym_desc-preproc_bold.nii.gz
0.6,1,/ix1/adombrovski/DNPL_DataMesh/Data/EXP/data_fmriprep/fmriprep/sub-220024/func/nfas-sub-220024_task-clockRev_run-1_space-MNI152NLin2009cAsym_desc-preproc_bold.nii.gz
0.6,1,/ix1/adombrovski/DNPL_DataMesh/Data/EXP/data_fmriprep/fmriprep/sub-219089/func/nfas-sub-219089_task-clockRev_run-2_space-MNI152NLin2009cAsym_desc-preproc_bold.nii.gz
0.6,1,/ix1/adombrovski/DNPL_DataMesh/Data/EXP/data_fmriprep/fmriprep/sub-220244/func/nfas-sub-220244_task-clockRev_run-2_space-MNI152NLin2009cAsym_desc-preproc_bold.nii.gz
0.6,1,/ix1/adombrovski/DNPL_DataMesh/Data/EXP/data_fmriprep/fmriprep/sub-216011/func/nfas-sub-216011_task-clockRev_run-2_space-MNI152NLin2009cAsym_desc-preproc_bold.nii.gz
0.6,1,/ix1/adombrovski/DNPL_DataMesh/Data/EXP/data_fmriprep/fmriprep/sub-210290/func/nfas-sub-210290_task-clockRev_run-1_space-MNI152NLin2009cAsym_desc-preproc_bold.nii.gz
0.6,1,/ix1/adombrovski/DNPL_DataMesh/Data/EXP/data_fmriprep/fmriprep/sub-219392/func/nfas-sub-219392_task-clockRev_run-2_space-MNI152NLin2009cAsym_desc-preproc_bold.nii.gz
0.6,1,/ix1/adombrovski/DNPL_DataMesh/Data/EXP/data_fmriprep/fmriprep/sub-220186/func/nfas-sub-220186_task-clockRev_run-1_space-MNI152NLin2009cAsym_desc-preproc_bold.nii.gz
0.6,1,/ix1/adombrovski/DNPL_DataMesh/Data/EXP/data_fmriprep/fmriprep/sub-220152/func/nfas-sub-220152_task-clockRev_run-1_space-MNI152NLin2009cAsym_desc-preproc_bold.nii.gz
0.6,1,/ix1/adombrovski/DNPL_DataMesh/Data/EXP/data_fmriprep/fmriprep/sub-213704/func/nfas-sub-213704_task-clockRev_run-2_space-MNI152NLin2009cAsym_desc-preproc_bold.nii.gz
0.6,1,/ix1/adombrovski/DNPL_DataMesh/Data/EXP/data_fmriprep/fmriprep/sub-212857/func/nfas-sub-212857_task-clockRev_run-2_space-MNI152NLin2009cAsym_desc-preproc_bold.nii.gz
0.6,1,/ix1/adombrovski/DNPL_DataMesh/Data/EXP/data_fmriprep/fmriprep/sub-211101/func/nfas-sub-211101_task-clockRev_run-1_space-MNI152NLin2009cAsym_desc-preproc_bold.nii.gz
0.6,1,/ix1/adombrovski/DNPL_DataMesh/Data/EXP/data_fmriprep/fmriprep/sub-219044/func/nfas-sub-219044_task-clockRev_run-2_space-MNI152NLin2009cAsym_desc-preproc_bold.nii.gz
0.6,1,/ix1/adombrovski/DNPL_DataMesh/Data/EXP/data_fmriprep/fmriprep/sub-219676/func/nfas-sub-219676_task-clockRev_run-1_space-MNI152NLin2009cAsym_desc-preproc_bold.nii.gz
0.6,1,/ix1/adombrovski/DNPL_DataMesh/Data/EXP/data_fmriprep/fmriprep/sub-217008/func/nfas-sub-217008_task-clockRev_run-2_space-MNI152NLin2009cAsym_desc-preproc_bold.nii.gz
0.6,1,/ix1/adombrovski/DNPL_DataMesh/Data/EXP/data_fmriprep/fmriprep/sub-219676/func/nfas-sub-219676_task-clockRev_run-2_space-MNI152NLin2009cAsym_desc-preproc_bold.nii.gz
0.6,1,/ix1/adombrovski/DNPL_DataMesh/Data/EXP/data_fmriprep/fmriprep/sub-216806/func/nfas-sub-216806_task-clockRev_run-2_space-MNI152NLin2009cAsym_desc-preproc_bold.nii.gz
0.6,1,/ix1/adombrovski/DNPL_DataMesh/Data/EXP/data_fmriprep/fmriprep/sub-220649/func/nfas-sub-220649_task-clockRev_run-1_space-MNI152NLin2009cAsym_desc-preproc_bold.nii.gz
0.6,1,/ix1/adombrovski/DNPL_DataMesh/Data/EXP/data_fmriprep/fmriprep/sub-219954/func/nfas-sub-219954_task-clockRev_run-2_space-MNI152NLin2009cAsym_desc-preproc_bold.nii.gz
0.6,1,/ix1/adombrovski/DNPL_DataMesh/Data/EXP/data_fmriprep/fmriprep/sub-220043/func/nfas-sub-220043_task-clockRev_run-2_space-MNI152NLin2009cAsym_desc-preproc_bold.nii.gz
0.6,1,/ix1/adombrovski/DNPL_DataMesh/Data/EXP/data_fmriprep/fmriprep/sub-210374/func/nfas-sub-210374_task-clockRev_run-1_space-MNI152NLin2009cAsym_desc-preproc_bold.nii.gz
0.6,1,/ix1/adombrovski/DNPL_DataMesh/Data/EXP/data_fmriprep/fmriprep/sub-220024/func/nfas-sub-220024_task-clockRev_run-2_space-MNI152NLin2009cAsym_desc-preproc_bold.nii.gz
0.6,1,/ix1/adombrovski/DNPL_DataMesh/Data/EXP/data_fmriprep/fmriprep/sub-220513/func/nfas-sub-220513_task-clockRev_run-2_space-MNI152NLin2009cAsym_desc-preproc_bold.nii.gz
0.6,1,/ix1/adombrovski/DNPL_DataMesh/Data/EXP/data_fmriprep/fmriprep/sub-210701/func/nfas-sub-210701_task-clockRev_run-2_space-MNI152NLin2009cAsym_desc-preproc_bold.nii.gz
0.6,1,/ix1/adombrovski/DNPL_DataMesh/Data/EXP/data_fmriprep/fmriprep/sub-215211/func/nfas-sub-215211_task-clockRev_run-2_space-MNI152NLin2009cAsym_desc-preproc_bold.nii.gz
0.6,1,/ix1/adombrovski/DNPL_DataMesh/Data/EXP/data_fmriprep/fmriprep/sub-220513/func/nfas-sub-220513_task-clockRev_run-1_space-MNI152NLin2009cAsym_desc-preproc_bold.nii.gz
0.6,1,/ix1/adombrovski/DNPL_DataMesh/Data/EXP/data_fmriprep/fmriprep/sub-220043/func/nfas-sub-220043_task-clockRev_run-1_space-MNI152NLin2009cAsym_desc-preproc_bold.nii.gz
0.6,1,/ix1/adombrovski/DNPL_DataMesh/Data/EXP/data_fmriprep/fmriprep/sub-220152/func/nfas-sub-220152_task-clockRev_run-2_space-MNI152NLin2009cAsym_desc-preproc_bold.nii.gz
0.6,1,/ix1/adombrovski/DNPL_DataMesh/Data/EXP/data_fmriprep/fmriprep/sub-220186/func/nfas-sub-220186_task-clockRev_run-2_space-MNI152NLin2009cAsym_desc-preproc_bold.nii.gz
0.6,1,/ix1/adombrovski/DNPL_DataMesh/Data/EXP/data_fmriprep/fmriprep/sub-208572/func/nfas-sub-208572_task-clockRev_run-2_space-MNI152NLin2009cAsym_desc-preproc_bold.nii.gz
0.6,1,/ix1/adombrovski/DNPL_DataMesh/Data/EXP/data_fmriprep/fmriprep/sub-219949/func/nfas-sub-219949_task-clockRev_run-1_space-MNI152NLin2009cAsym_desc-preproc_bold.nii.gz
0.6,1,/ix1/adombrovski/DNPL_DataMesh/Data/EXP/data_fmriprep/fmriprep/sub-220104/func/nfas-sub-220104_task-clockRev_run-2_space-MNI152NLin2009cAsym_desc-preproc_bold.nii.gz
0.6,1,/ix1/adombrovski/DNPL_DataMesh/Data/EXP/data_fmriprep/fmriprep/sub-216845/func/nfas-sub-216845_task-clockRev_run-1_space-MNI152NLin2009cAsym_desc-preproc_bold.nii.gz
0.6,1,/ix1/adombrovski/DNPL_DataMesh/Data/EXP/data_fmriprep/fmriprep/sub-220104/func/nfas-sub-220104_task-clockRev_run-1_space-MNI152NLin2009cAsym_desc-preproc_bold.nii.gz
0.6,1,/ix1/adombrovski/DNPL_DataMesh/Data/EXP/data_fmriprep/fmriprep/sub-210290/func/nfas-sub-210290_task-clockRev_run-2_space-MNI152NLin2009cAsym_desc-preproc_bold.nii.gz
0.6,1,/ix1/adombrovski/DNPL_DataMesh/Data/EXP/data_fmriprep/fmriprep/sub-210100/func/nfas-sub-210100_task-clockRev_run-2_space-MNI152NLin2009cAsym_desc-preproc_bold.nii.gz
0.6,1,/ix1/adombrovski/DNPL_DataMesh/Data/EXP/data_fmriprep/fmriprep/sub-211038/func/nfas-sub-211038_task-clockRev_run-2_space-MNI152NLin2009cAsym_desc-preproc_bold.nii.gz
0.6,1,/ix1/adombrovski/DNPL_DataMesh/Data/EXP/data_fmriprep/fmriprep/sub-211038/func/nfas-sub-211038_task-clockRev_run-1_space-MNI152NLin2009cAsym_desc-preproc_bold.nii.gz
0.6,1,/ix1/adombrovski/DNPL_DataMesh/Data/EXP/data_fmriprep/fmriprep/sub-207224/func/nfas-sub-207224_task-clockRev_run-1_space-MNI152NLin2009cAsym_desc-preproc_bold.nii.gz
0.6,1,/ix1/adombrovski/DNPL_DataMesh/Data/EXP/data_fmriprep/fmriprep/sub-220740/func/nfas-sub-220740_task-clockRev_run-2_space-MNI152NLin2009cAsym_desc-preproc_bold.nii.gz
0.6,1,/ix1/adombrovski/DNPL_DataMesh/Data/EXP/data_fmriprep/fmriprep/sub-220796/func/nfas-sub-220796_task-clockRev_run-1_space-MNI152NLin2009cAsym_desc-preproc_bold.nii.gz
0.6,1,/ix1/adombrovski/DNPL_DataMesh/Data/EXP/data_fmriprep/fmriprep/sub-219944/func/nfas-sub-219944_task-clockRev_run-1_space-MNI152NLin2009cAsym_desc-preproc_bold.nii.gz
0.6,1,/ix1/adombrovski/DNPL_DataMesh/Data/EXP/data_fmriprep/fmriprep/sub-202735/func/nfas-sub-202735_task-clockRev_run-2_space-MNI152NLin2009cAsym_desc-preproc_bold.nii.gz
0.6,1,/ix1/adombrovski/DNPL_DataMesh/Data/EXP/data_fmriprep/fmriprep/sub-220913/func/nfas-sub-220913_task-clockRev_run-1_space-MNI152NLin2009cAsym_desc-preproc_bold.nii.gz
0.6,1,/ix1/adombrovski/DNPL_DataMesh/Data/EXP/data_fmriprep/fmriprep/sub-216845/func/nfas-sub-216845_task-clockRev_run-2_space-MNI152NLin2009cAsym_desc-preproc_bold.nii.gz
0.6,1,/ix1/adombrovski/DNPL_DataMesh/Data/EXP/data_fmriprep/fmriprep/sub-219944/func/nfas-sub-219944_task-clockRev_run-2_space-MNI152NLin2009cAsym_desc-preproc_bold.nii.gz
0.6,1,/ix1/adombrovski/DNPL_DataMesh/Data/EXP/data_fmriprep/fmriprep/sub-220597/func/nfas-sub-220597_task-clockRev_run-1_space-MNI152NLin2009cAsym_desc-preproc_bold.nii.gz
0.6,1,/ix1/adombrovski/DNPL_DataMesh/Data/EXP/data_fmriprep/fmriprep/sub-220299/func/nfas-sub-220299_task-clockRev_run-1_space-MNI152NLin2009cAsym_desc-preproc_bold.nii.gz
0.6,1,/ix1/adombrovski/DNPL_DataMesh/Data/EXP/data_fmriprep/fmriprep/sub-220299/func/nfas-sub-220299_task-clockRev_run-2_space-MNI152NLin2009cAsym_desc-preproc_bold.nii.gz
0.6,1,/ix1/adombrovski/DNPL_DataMesh/Data/EXP/data_fmriprep/fmriprep/sub-220758/func/nfas-sub-220758_task-clockRev_run-2_space-MNI152NLin2009cAsym_desc-preproc_bold.nii.gz
0.6,1,/ix1/adombrovski/DNPL_DataMesh/Data/EXP/data_fmriprep/fmriprep/sub-208572/func/nfas-sub-208572_task-clockRev_run-1_space-MNI152NLin2009cAsym_desc-preproc_bold.nii.gz
0.6,1,/ix1/adombrovski/DNPL_DataMesh/Data/EXP/data_fmriprep/fmriprep/sub-220796/func/nfas-sub-220796_task-clockRev_run-2_space-MNI152NLin2009cAsym_desc-preproc_bold.nii.gz
0.6,1,/ix1/adombrovski/DNPL_DataMesh/Data/EXP/data_fmriprep/fmriprep/sub-207224/func/nfas-sub-207224_task-clockRev_run-2_space-MNI152NLin2009cAsym_desc-preproc_bold.nii.gz
0.6,1,/ix1/adombrovski/DNPL_DataMesh/Data/EXP/data_fmriprep/fmriprep/sub-213163/func/nfas-sub-213163_task-clockRev_run-1_space-MNI152NLin2009cAsym_desc-preproc_bold.nii.gz
0.6,1,/ix1/adombrovski/DNPL_DataMesh/Data/EXP/data_fmriprep/fmriprep/sub-215211/func/nfas-sub-215211_task-clockRev_run-1_space-MNI152NLin2009cAsym_desc-preproc_bold.nii.gz
0.6,1,/ix1/adombrovski/DNPL_DataMesh/Data/EXP/data_fmriprep/fmriprep/sub-220740/func/nfas-sub-220740_task-clockRev_run-1_space-MNI152NLin2009cAsym_desc-preproc_bold.nii.gz
0.6,1,/ix1/adombrovski/DNPL_DataMesh/Data/EXP/data_fmriprep/fmriprep/sub-220531/func/nfas-sub-220531_task-clockRev_run-1_space-MNI152NLin2009cAsym_desc-preproc_bold.nii.gz
0.6,1,/ix1/adombrovski/DNPL_DataMesh/Data/EXP/data_fmriprep/fmriprep/sub-210701/func/nfas-sub-210701_task-clockRev_run-1_space-MNI152NLin2009cAsym_desc-preproc_bold.nii.gz
0.6,1,/ix1/adombrovski/DNPL_DataMesh/Data/EXP/data_fmriprep/fmriprep/sub-210374/func/nfas-sub-210374_task-clockRev_run-2_space-MNI152NLin2009cAsym_desc-preproc_bold.nii.gz
0.6,1,/ix1/adombrovski/DNPL_DataMesh/Data/EXP/data_fmriprep/fmriprep/sub-221036/func/nfas-sub-221036_task-clockRev_run-1_space-MNI152NLin2009cAsym_desc-preproc_bold.nii.gz
0.6,1,/ix1/adombrovski/DNPL_DataMesh/Data/EXP/data_fmriprep/fmriprep/sub-220597/func/nfas-sub-220597_task-clockRev_run-2_space-MNI152NLin2009cAsym_desc-preproc_bold.nii.gz
0.6,1,/ix1/adombrovski/DNPL_DataMesh/Data/EXP/data_fmriprep/fmriprep/sub-220649/func/nfas-sub-220649_task-clockRev_run-2_space-MNI152NLin2009cAsym_desc-preproc_bold.nii.gz
0.6,1,/ix1/adombrovski/DNPL_DataMesh/Data/EXP/data_fmriprep/fmriprep/sub-220566/func/nfas-sub-220566_task-clockRev_run-2_space-MNI152NLin2009cAsym_desc-preproc_bold.nii.gz
0.6,1,/ix1/adombrovski/DNPL_DataMesh/Data/EXP/data_fmriprep/fmriprep/sub-220947/func/nfas-sub-220947_task-clockRev_run-1_space-MNI152NLin2009cAsym_desc-preproc_bold.nii.gz
0.6,1,/ix1/adombrovski/DNPL_DataMesh/Data/EXP/data_fmriprep/fmriprep/sub-221018/func/nfas-sub-221018_task-clockRev_run-2_space-MNI152NLin2009cAsym_desc-preproc_bold.nii.gz
0.6,1,/ix1/adombrovski/DNPL_DataMesh/Data/EXP/data_fmriprep/fmriprep/sub-220947/func/nfas-sub-220947_task-clockRev_run-2_space-MNI152NLin2009cAsym_desc-preproc_bold.nii.gz
0.6,1,/ix1/adombrovski/DNPL_DataMesh/Data/EXP/data_fmriprep/fmriprep/sub-220889/func/nfas-sub-220889_task-clockRev_run-1_space-MNI152NLin2009cAsym_desc-preproc_bold.nii.gz
0.6,1,/ix1/adombrovski/DNPL_DataMesh/Data/EXP/data_fmriprep/fmriprep/sub-220758/func/nfas-sub-220758_task-clockRev_run-1_space-MNI152NLin2009cAsym_desc-preproc_bold.nii.gz
0.6,1,/ix1/adombrovski/DNPL_DataMesh/Data/EXP/data_fmriprep/fmriprep/sub-221080/func/nfas-sub-221080_task-clockRev_run-2_space-MNI152NLin2009cAsym_desc-preproc_bold.nii.gz
0.6,1,/ix1/adombrovski/DNPL_DataMesh/Data/EXP/data_fmriprep/fmriprep/sub-221050/func/nfas-sub-221050_task-clockRev_run-1_space-MNI152NLin2009cAsym_desc-preproc_bold.nii.gz
0.6,1,/ix1/adombrovski/DNPL_DataMesh/Data/EXP/data_fmriprep/fmriprep/sub-221036/func/nfas-sub-221036_task-clockRev_run-2_space-MNI152NLin2009cAsym_desc-preproc_bold.nii.gz
0.6,1,/ix1/adombrovski/DNPL_DataMesh/Data/EXP/data_fmriprep/fmriprep/sub-2211101/func/nfas-sub-2211101_task-clockRev_run-1_space-MNI152NLin2009cAsym_desc-preproc_bold.nii.gz
0.6,1,/ix1/adombrovski/DNPL_DataMesh/Data/EXP/data_fmriprep/fmriprep/sub-221018/func/nfas-sub-221018_task-clockRev_run-1_space-MNI152NLin2009cAsym_desc-preproc_bold.nii.gz
0.6,1,/ix1/adombrovski/DNPL_DataMesh/Data/EXP/data_fmriprep/fmriprep/sub-221085/func/nfas-sub-221085_task-clockRev_run-2_space-MNI152NLin2009cAsym_desc-preproc_bold.nii.gz
0.6,1,/ix1/adombrovski/DNPL_DataMesh/Data/EXP/data_fmriprep/fmriprep/sub-221080/func/nfas-sub-221080_task-clockRev_run-1_space-MNI152NLin2009cAsym_desc-preproc_bold.nii.gz
0.6,1,/ix1/adombrovski/DNPL_DataMesh/Data/EXP/data_fmriprep/fmriprep/sub-220976/func/nfas-sub-220976_task-clockRev_run-1_space-MNI152NLin2009cAsym_desc-preproc_bold.nii.gz
0.6,1,/ix1/adombrovski/DNPL_DataMesh/Data/EXP/data_fmriprep/fmriprep/sub-221637/func/nfas-sub-221637_task-clockRev_run-2_space-MNI152NLin2009cAsym_desc-preproc_bold.nii.gz
0.6,1,/ix1/adombrovski/DNPL_DataMesh/Data/EXP/data_fmriprep/fmriprep/sub-221085/func/nfas-sub-221085_task-clockRev_run-1_space-MNI152NLin2009cAsym_desc-preproc_bold.nii.gz
0.6,1,/ix1/adombrovski/DNPL_DataMesh/Data/EXP/data_fmriprep/fmriprep/sub-221292/func/nfas-sub-221292_task-clockRev_run-1_space-MNI152NLin2009cAsym_desc-preproc_bold.nii.gz
0.6,1,/ix1/adombrovski/DNPL_DataMesh/Data/EXP/data_fmriprep/fmriprep/sub-221181/func/nfas-sub-221181_task-clockRev_run-1_space-MNI152NLin2009cAsym_desc-preproc_bold.nii.gz
0.6,1,/ix1/adombrovski/DNPL_DataMesh/Data/EXP/data_fmriprep/fmriprep/sub-202200/func/nfas-sub-202200_task-clockRev_run-1_space-MNI152NLin2009cAsym_desc-preproc_bold.nii.gz
0.6,1,/ix1/adombrovski/DNPL_DataMesh/Data/EXP/data_fmriprep/fmriprep/sub-221292/func/nfas-sub-221292_task-clockRev_run-2_space-MNI152NLin2009cAsym_desc-preproc_bold.nii.gz
0.6,1,/ix1/adombrovski/DNPL_DataMesh/Data/EXP/data_fmriprep/fmriprep/sub-221050/func/nfas-sub-221050_task-clockRev_run-2_space-MNI152NLin2009cAsym_desc-preproc_bold.nii.gz
0.6,1,/ix1/adombrovski/DNPL_DataMesh/Data/EXP/data_fmriprep/fmriprep/sub-220889/func/nfas-sub-220889_task-clockRev_run-2_space-MNI152NLin2009cAsym_desc-preproc_bold.nii.gz
0.6,1,/ix1/adombrovski/DNPL_DataMesh/Data/EXP/data_fmriprep/fmriprep/sub-221637/func/nfas-sub-221637_task-clockRev_run-1_space-MNI152NLin2009cAsym_desc-preproc_bold.nii.gz
0.6,1,/ix1/adombrovski/DNPL_DataMesh/Data/EXP/data_fmriprep/fmriprep/sub-220989/func/nfas-sub-220989_task-clockRev_run-2_space-MNI152NLin2009cAsym_desc-preproc_bold.nii.gz
0.6,1,/ix1/adombrovski/DNPL_DataMesh/Data/EXP/data_fmriprep/fmriprep/sub-220976/func/nfas-sub-220976_task-clockRev_run-2_space-MNI152NLin2009cAsym_desc-preproc_bold.nii.gz
0.6,1,/ix1/adombrovski/DNPL_DataMesh/Data/EXP/data_fmriprep/fmriprep/sub-221206/func/nfas-sub-221206_task-clockRev_run-2_space-MNI152NLin2009cAsym_desc-preproc_bold.nii.gz
0.6,1,/ix1/adombrovski/DNPL_DataMesh/Data/EXP/data_fmriprep/fmriprep/sub-220914/func/nfas-sub-220914_task-clockRev_run-1_space-MNI152NLin2009cAsym_desc-preproc_bold.nii.gz
0.6,1,/ix1/adombrovski/DNPL_DataMesh/Data/EXP/data_fmriprep/fmriprep/sub-220963/func/nfas-sub-220963_task-clockRev_run-2_space-MNI152NLin2009cAsym_desc-preproc_bold.nii.gz
0.6,1,/ix1/adombrovski/DNPL_DataMesh/Data/EXP/data_fmriprep/fmriprep/sub-220865/func/nfas-sub-220865_task-clockRev_run-1_space-MNI152NLin2009cAsym_desc-preproc_bold.nii.gz
0.6,1,/ix1/adombrovski/DNPL_DataMesh/Data/EXP/data_fmriprep/fmriprep/sub-220927/func/nfas-sub-220927_task-clockRev_run-2_space-MNI152NLin2009cAsym_desc-preproc_bold.nii.gz
0.6,1,/ix1/adombrovski/DNPL_DataMesh/Data/EXP/data_fmriprep/fmriprep/sub-221298/func/nfas-sub-221298_task-clockRev_run-2_space-MNI152NLin2009cAsym_desc-preproc_bold.nii.gz
0.6,1,/ix1/adombrovski/DNPL_DataMesh/Data/EXP/data_fmriprep/fmriprep/sub-220865/func/nfas-sub-220865_task-clockRev_run-2_space-MNI152NLin2009cAsym_desc-preproc_bold.nii.gz
0.6,1,/ix1/adombrovski/DNPL_DataMesh/Data/EXP/data_fmriprep/fmriprep/sub-221229/func/nfas-sub-221229_task-clockRev_run-1_space-MNI152NLin2009cAsym_desc-preproc_bold.nii.gz
0.6,1,/ix1/adombrovski/DNPL_DataMesh/Data/EXP/data_fmriprep/fmriprep/sub-221262/func/nfas-sub-221262_task-clockRev_run-1_space-MNI152NLin2009cAsym_desc-preproc_bold.nii.gz
0.6,1,/ix1/adombrovski/DNPL_DataMesh/Data/EXP/data_fmriprep/fmriprep/sub-221229/func/nfas-sub-221229_task-clockRev_run-2_space-MNI152NLin2009cAsym_desc-preproc_bold.nii.gz
0.6,1,/ix1/adombrovski/DNPL_DataMesh/Data/EXP/data_fmriprep/fmriprep/sub-221273/func/nfas-sub-221273_task-clockRev_run-1_space-MNI152NLin2009cAsym_desc-preproc_bold.nii.gz
0.6,1,/ix1/adombrovski/DNPL_DataMesh/Data/EXP/data_fmriprep/fmriprep/sub-221183/func/nfas-sub-221183_task-clockRev_run-1_space-MNI152NLin2009cAsym_desc-preproc_bold.nii.gz
0.6,1,/ix1/adombrovski/DNPL_DataMesh/Data/EXP/data_fmriprep/fmriprep/sub-221610/func/nfas-sub-221610_task-clockRev_run-2_space-MNI152NLin2009cAsym_desc-preproc_bold.nii.gz
0.6,1,/ix1/adombrovski/DNPL_DataMesh/Data/EXP/data_fmriprep/fmriprep/sub-221206/func/nfas-sub-221206_task-clockRev_run-1_space-MNI152NLin2009cAsym_desc-preproc_bold.nii.gz
0.6,1,/ix1/adombrovski/DNPL_DataMesh/Data/EXP/data_fmriprep/fmriprep/sub-37542/func/nfas-sub-37542_task-clockRev_run-2_space-MNI152NLin2009cAsym_desc-preproc_bold.nii.gz
0.6,1,/ix1/adombrovski/DNPL_DataMesh/Data/EXP/data_fmriprep/fmriprep/sub-220989/func/nfas-sub-220989_task-clockRev_run-1_space-MNI152NLin2009cAsym_desc-preproc_bold.nii.gz
0.6,1,/ix1/adombrovski/DNPL_DataMesh/Data/EXP/data_fmriprep/fmriprep/sub-221228/func/nfas-sub-221228_task-clockRev_run-1_space-MNI152NLin2009cAsym_desc-preproc_bold.nii.gz
0.6,1,/ix1/adombrovski/DNPL_DataMesh/Data/EXP/data_fmriprep/fmriprep/sub-220963/func/nfas-sub-220963_task-clockRev_run-1_space-MNI152NLin2009cAsym_desc-preproc_bold.nii.gz
0.6,1,/ix1/adombrovski/DNPL_DataMesh/Data/EXP/data_fmriprep/fmriprep/sub-221448/func/nfas-sub-221448_task-clockRev_run-1_space-MNI152NLin2009cAsym_desc-preproc_bold.nii.gz
0.6,1,/ix1/adombrovski/DNPL_DataMesh/Data/EXP/data_fmriprep/fmriprep/sub-222112/func/nfas-sub-222112_task-clockRev_run-1_space-MNI152NLin2009cAsym_desc-preproc_bold.nii.gz
0.6,1,/ix1/adombrovski/DNPL_DataMesh/Data/EXP/data_fmriprep/fmriprep/sub-221228/func/nfas-sub-221228_task-clockRev_run-2_space-MNI152NLin2009cAsym_desc-preproc_bold.nii.gz
0.6,1,/ix1/adombrovski/DNPL_DataMesh/Data/EXP/data_fmriprep/fmriprep/sub-222093/func/nfas-sub-222093_task-clockRev_run-1_space-MNI152NLin2009cAsym_desc-preproc_bold.nii.gz
0.6,1,/ix1/adombrovski/DNPL_DataMesh/Data/EXP/data_fmriprep/fmriprep/sub-222112/func/nfas-sub-222112_task-clockRev_run-2_space-MNI152NLin2009cAsym_desc-preproc_bold.nii.gz
0.6,1,/ix1/adombrovski/DNPL_DataMesh/Data/EXP/data_fmriprep/fmriprep/sub-221212/func/nfas-sub-221212_task-clockRev_run-2_space-MNI152NLin2009cAsym_desc-preproc_bold.nii.gz
0.6,1,/ix1/adombrovski/DNPL_DataMesh/Data/EXP/data_fmriprep/fmriprep/sub-221256/func/nfas-sub-221256_task-clockRev_run-2_space-MNI152NLin2009cAsym_desc-preproc_bold.nii.gz
0.6,1,/ix1/adombrovski/DNPL_DataMesh/Data/EXP/data_fmriprep/fmriprep/sub-221448/func/nfas-sub-221448_task-clockRev_run-2_space-MNI152NLin2009cAsym_desc-preproc_bold.nii.gz
0.6,1,/ix1/adombrovski/DNPL_DataMesh/Data/EXP/data_fmriprep/fmriprep/sub-220914/func/nfas-sub-220914_task-clockRev_run-2_space-MNI152NLin2009cAsym_desc-preproc_bold.nii.gz
0.6,1,/ix1/adombrovski/DNPL_DataMesh/Data/EXP/data_fmriprep/fmriprep/sub-221680/func/nfas-sub-221680_task-clockRev_run-1_space-MNI152NLin2009cAsym_desc-preproc_bold.nii.gz
0.6,1,/ix1/adombrovski/DNPL_DataMesh/Data/EXP/data_fmriprep/fmriprep/sub-35780/func/nfas-sub-35780_task-clockRev_run-1_space-MNI152NLin2009cAsym_desc-preproc_bold.nii.gz
0.6,1,/ix1/adombrovski/DNPL_DataMesh/Data/EXP/data_fmriprep/fmriprep/sub-221698/func/nfas-sub-221698_task-clockRev_run-1_space-MNI152NLin2009cAsym_desc-preproc_bold.nii.gz
0.6,1,/ix1/adombrovski/DNPL_DataMesh/Data/EXP/data_fmriprep/fmriprep/sub-222067/func/nfas-sub-222067_task-clockRev_run-2_space-MNI152NLin2009cAsym_desc-preproc_bold.nii.gz
0.6,1,/ix1/adombrovski/DNPL_DataMesh/Data/EXP/data_fmriprep/fmriprep/sub-222121/func/nfas-sub-222121_task-clockRev_run-1_space-MNI152NLin2009cAsym_desc-preproc_bold.nii.gz
0.6,1,/ix1/adombrovski/DNPL_DataMesh/Data/EXP/data_fmriprep/fmriprep/sub-220927/func/nfas-sub-220927_task-clockRev_run-1_space-MNI152NLin2009cAsym_desc-preproc_bold.nii.gz
0.6,1,/ix1/adombrovski/DNPL_DataMesh/Data/EXP/data_fmriprep/fmriprep/sub-440182/func/nfas-sub-440182_task-clockRev_run-2_space-MNI152NLin2009cAsym_desc-preproc_bold.nii.gz
0.6,1,/ix1/adombrovski/DNPL_DataMesh/Data/EXP/data_fmriprep/fmriprep/sub-221610/func/nfas-sub-221610_task-clockRev_run-1_space-MNI152NLin2009cAsym_desc-preproc_bold.nii.gz
0.6,1,/ix1/adombrovski/DNPL_DataMesh/Data/EXP/data_fmriprep/fmriprep/sub-221212/func/nfas-sub-221212_task-clockRev_run-1_space-MNI152NLin2009cAsym_desc-preproc_bold.nii.gz
0.6,1,/ix1/adombrovski/DNPL_DataMesh/Data/EXP/data_fmriprep/fmriprep/sub-221262/func/nfas-sub-221262_task-clockRev_run-2_space-MNI152NLin2009cAsym_desc-preproc_bold.nii.gz
0.6,1,/ix1/adombrovski/DNPL_DataMesh/Data/EXP/data_fmriprep/fmriprep/sub-222121/func/nfas-sub-222121_task-clockRev_run-2_space-MNI152NLin2009cAsym_desc-preproc_bold.nii.gz
0.6,1,/ix1/adombrovski/DNPL_DataMesh/Data/EXP/data_fmriprep/fmriprep/sub-440214/func/nfas-sub-440214_task-clockRev_run-2_space-MNI152NLin2009cAsym_desc-preproc_bold.nii.gz
0.6,1,/ix1/adombrovski/DNPL_DataMesh/Data/EXP/data_fmriprep/fmriprep/sub-440166/func/nfas-sub-440166_task-clockRev_run-2_space-MNI152NLin2009cAsym_desc-preproc_bold.nii.gz
0.6,1,/ix1/adombrovski/DNPL_DataMesh/Data/EXP/data_fmriprep/fmriprep/sub-221298/func/nfas-sub-221298_task-clockRev_run-1_space-MNI152NLin2009cAsym_desc-preproc_bold.nii.gz
0.6,1,/ix1/adombrovski/DNPL_DataMesh/Data/EXP/data_fmriprep/fmriprep/sub-221916/func/nfas-sub-221916_task-clockRev_run-2_space-MNI152NLin2009cAsym_desc-preproc_bold.nii.gz
0.6,1,/ix1/adombrovski/DNPL_DataMesh/Data/EXP/data_fmriprep/fmriprep/sub-440214/func/nfas-sub-440214_task-clockRev_run-1_space-MNI152NLin2009cAsym_desc-preproc_bold.nii.gz
0.6,1,/ix1/adombrovski/DNPL_DataMesh/Data/EXP/data_fmriprep/fmriprep/sub-440024/func/nfas-sub-440024_task-clockRev_run-1_space-MNI152NLin2009cAsym_desc-preproc_bold.nii.gz
0.6,1,/ix1/adombrovski/DNPL_DataMesh/Data/EXP/data_fmriprep/fmriprep/sub-221181/func/nfas-sub-221181_task-clockRev_run-2_space-MNI152NLin2009cAsym_desc-preproc_bold.nii.gz
0.6,1,/ix1/adombrovski/DNPL_DataMesh/Data/EXP/data_fmriprep/fmriprep/sub-221680/func/nfas-sub-221680_task-clockRev_run-2_space-MNI152NLin2009cAsym_desc-preproc_bold.nii.gz
0.6,1,/ix1/adombrovski/DNPL_DataMesh/Data/EXP/data_fmriprep/fmriprep/sub-221273/func/nfas-sub-221273_task-clockRev_run-2_space-MNI152NLin2009cAsym_desc-preproc_bold.nii.gz
0.6,1,/ix1/adombrovski/DNPL_DataMesh/Data/EXP/data_fmriprep/fmriprep/sub-221256/func/nfas-sub-221256_task-clockRev_run-1_space-MNI152NLin2009cAsym_desc-preproc_bold.nii.gz
0.6,1,/ix1/adombrovski/DNPL_DataMesh/Data/EXP/data_fmriprep/fmriprep/sub-222093/func/nfas-sub-222093_task-clockRev_run-2_space-MNI152NLin2009cAsym_desc-preproc_bold.nii.gz
0.6,1,/ix1/adombrovski/DNPL_DataMesh/Data/EXP/data_fmriprep/fmriprep/sub-221183/func/nfas-sub-221183_task-clockRev_run-2_space-MNI152NLin2009cAsym_desc-preproc_bold.nii.gz
0.6,1,/ix1/adombrovski/DNPL_DataMesh/Data/EXP/data_fmriprep/fmriprep/sub-35780/func/nfas-sub-35780_task-clockRev_run-2_space-MNI152NLin2009cAsym_desc-preproc_bold.nii.gz
0.6,1,/ix1/adombrovski/DNPL_DataMesh/Data/EXP/data_fmriprep/fmriprep/sub-440307/func/nfas-sub-440307_task-clockRev_run-2_space-MNI152NLin2009cAsym_desc-preproc_bold.nii.gz
0.6,1,/ix1/adombrovski/DNPL_DataMesh/Data/EXP/data_fmriprep/fmriprep/sub-440120/func/nfas-sub-440120_task-clockRev_run-1_space-MNI152NLin2009cAsym_desc-preproc_bold.nii.gz
0.6,1,/ix1/adombrovski/DNPL_DataMesh/Data/EXP/data_fmriprep/fmriprep/sub-440243/func/nfas-sub-440243_task-clockRev_run-1_space-MNI152NLin2009cAsym_desc-preproc_bold.nii.gz
0.6,1,/ix1/adombrovski/DNPL_DataMesh/Data/EXP/data_fmriprep/fmriprep/sub-221715/func/nfas-sub-221715_task-clockRev_run-1_space-MNI152NLin2009cAsym_desc-preproc_bold.nii.gz
0.6,1,/ix1/adombrovski/DNPL_DataMesh/Data/EXP/data_fmriprep/fmriprep/sub-440237/func/nfas-sub-440237_task-clockRev_run-2_space-MNI152NLin2009cAsym_desc-preproc_bold.nii.gz
0.6,1,/ix1/adombrovski/DNPL_DataMesh/Data/EXP/data_fmriprep/fmriprep/sub-440138/func/nfas-sub-440138_task-clockRev_run-2_space-MNI152NLin2009cAsym_desc-preproc_bold.nii.gz
0.6,1,/ix1/adombrovski/DNPL_DataMesh/Data/EXP/data_fmriprep/fmriprep/sub-440263/func/nfas-sub-440263_task-clockRev_run-2_space-MNI152NLin2009cAsym_desc-preproc_bold.nii.gz
0.6,1,/ix1/adombrovski/DNPL_DataMesh/Data/EXP/data_fmriprep/fmriprep/sub-440165/func/nfas-sub-440165_task-clockRev_run-1_space-MNI152NLin2009cAsym_desc-preproc_bold.nii.gz
0.6,1,/ix1/adombrovski/DNPL_DataMesh/Data/EXP/data_fmriprep/fmriprep/sub-431106/func/nfas-sub-431106_task-clockRev_run-1_space-MNI152NLin2009cAsym_desc-preproc_bold.nii.gz
0.6,1,/ix1/adombrovski/DNPL_DataMesh/Data/EXP/data_fmriprep/fmriprep/sub-221715/func/nfas-sub-221715_task-clockRev_run-2_space-MNI152NLin2009cAsym_desc-preproc_bold.nii.gz
0.6,1,/ix1/adombrovski/DNPL_DataMesh/Data/EXP/data_fmriprep/fmriprep/sub-440021/func/nfas-sub-440021_task-clockRev_run-2_space-MNI152NLin2009cAsym_desc-preproc_bold.nii.gz
0.6,1,/ix1/adombrovski/DNPL_DataMesh/Data/EXP/data_fmriprep/fmriprep/sub-221261/func/nfas-sub-221261_task-clockRev_run-2_space-MNI152NLin2009cAsym_desc-preproc_bold.nii.gz
0.6,1,/ix1/adombrovski/DNPL_DataMesh/Data/EXP/data_fmriprep/fmriprep/sub-431230/func/nfas-sub-431230_task-clockRev_run-1_space-MNI152NLin2009cAsym_desc-preproc_bold.nii.gz
0.6,1,/ix1/adombrovski/DNPL_DataMesh/Data/EXP/data_fmriprep/fmriprep/sub-440066/func/nfas-sub-440066_task-clockRev_run-2_space-MNI152NLin2009cAsym_desc-preproc_bold.nii.gz
0.6,1,/ix1/adombrovski/DNPL_DataMesh/Data/EXP/data_fmriprep/fmriprep/sub-440066/func/nfas-sub-440066_task-clockRev_run-1_space-MNI152NLin2009cAsym_desc-preproc_bold.nii.gz
0.6,1,/ix1/adombrovski/DNPL_DataMesh/Data/EXP/data_fmriprep/fmriprep/sub-440165/func/nfas-sub-440165_task-clockRev_run-2_space-MNI152NLin2009cAsym_desc-preproc_bold.nii.gz
0.6,1,/ix1/adombrovski/DNPL_DataMesh/Data/EXP/data_fmriprep/fmriprep/sub-431100/func/nfas-sub-431100_task-clockRev_run-2_space-MNI152NLin2009cAsym_desc-preproc_bold.nii.gz
0.6,1,/ix1/adombrovski/DNPL_DataMesh/Data/EXP/data_fmriprep/fmriprep/sub-221910/func/nfas-sub-221910_task-clockRev_run-1_space-MNI152NLin2009cAsym_desc-preproc_bold.nii.gz
0.6,1,/ix1/adombrovski/DNPL_DataMesh/Data/EXP/data_fmriprep/fmriprep/sub-221916/func/nfas-sub-221916_task-clockRev_run-1_space-MNI152NLin2009cAsym_desc-preproc_bold.nii.gz
0.6,1,/ix1/adombrovski/DNPL_DataMesh/Data/EXP/data_fmriprep/fmriprep/sub-431230/func/nfas-sub-431230_task-clockRev_run-2_space-MNI152NLin2009cAsym_desc-preproc_bold.nii.gz
0.6,1,/ix1/adombrovski/DNPL_DataMesh/Data/EXP/data_fmriprep/fmriprep/sub-221910/func/nfas-sub-221910_task-clockRev_run-2_space-MNI152NLin2009cAsym_desc-preproc_bold.nii.gz
0.6,1,/ix1/adombrovski/DNPL_DataMesh/Data/EXP/data_fmriprep/fmriprep/sub-221698/func/nfas-sub-221698_task-clockRev_run-2_space-MNI152NLin2009cAsym_desc-preproc_bold.nii.gz
0.6,1,/ix1/adombrovski/DNPL_DataMesh/Data/EXP/data_fmriprep/fmriprep/sub-440181/func/nfas-sub-440181_task-clockRev_run-1_space-MNI152NLin2009cAsym_desc-preproc_bold.nii.gz
0.6,1,/ix1/adombrovski/DNPL_DataMesh/Data/EXP/data_fmriprep/fmriprep/sub-440072/func/nfas-sub-440072_task-clockRev_run-2_space-MNI152NLin2009cAsym_desc-preproc_bold.nii.gz
0.6,1,/ix1/adombrovski/DNPL_DataMesh/Data/EXP/data_fmriprep/fmriprep/sub-431224/func/nfas-sub-431224_task-clockRev_run-2_space-MNI152NLin2009cAsym_desc-preproc_bold.nii.gz
0.6,1,/ix1/adombrovski/DNPL_DataMesh/Data/EXP/data_fmriprep/fmriprep/sub-431106/func/nfas-sub-431106_task-clockRev_run-2_space-MNI152NLin2009cAsym_desc-preproc_bold.nii.gz
0.6,1,/ix1/adombrovski/DNPL_DataMesh/Data/EXP/data_fmriprep/fmriprep/sub-431100/func/nfas-sub-431100_task-clockRev_run-1_space-MNI152NLin2009cAsym_desc-preproc_bold.nii.gz
0.6,1,/ix1/adombrovski/DNPL_DataMesh/Data/EXP/data_fmriprep/fmriprep/sub-440072/func/nfas-sub-440072_task-clockRev_run-1_space-MNI152NLin2009cAsym_desc-preproc_bold.nii.gz
0.6,1,/ix1/adombrovski/DNPL_DataMesh/Data/EXP/data_fmriprep/fmriprep/sub-440021/func/nfas-sub-440021_task-clockRev_run-1_space-MNI152NLin2009cAsym_desc-preproc_bold.nii.gz
0.6,1,/ix1/adombrovski/DNPL_DataMesh/Data/EXP/data_fmriprep/fmriprep/sub-440024/func/nfas-sub-440024_task-clockRev_run-2_space-MNI152NLin2009cAsym_desc-preproc_bold.nii.gz
0.6,1,/ix1/adombrovski/DNPL_DataMesh/Data/EXP/data_fmriprep/fmriprep/sub-440295/func/nfas-sub-440295_task-clockRev_run-1_space-MNI152NLin2009cAsym_desc-preproc_bold.nii.gz
0.6,1,/ix1/adombrovski/DNPL_DataMesh/Data/EXP/data_fmriprep/fmriprep/sub-440138/func/nfas-sub-440138_task-clockRev_run-1_space-MNI152NLin2009cAsym_desc-preproc_bold.nii.gz
0.6,1,/ix1/adombrovski/DNPL_DataMesh/Data/EXP/data_fmriprep/fmriprep/sub-222067/func/nfas-sub-222067_task-clockRev_run-1_space-MNI152NLin2009cAsym_desc-preproc_bold.nii.gz
0.6,1,/ix1/adombrovski/DNPL_DataMesh/Data/EXP/data_fmriprep/fmriprep/sub-440196/func/nfas-sub-440196_task-clockRev_run-2_space-MNI152NLin2009cAsym_desc-preproc_bold.nii.gz
0.6,1,/ix1/adombrovski/DNPL_DataMesh/Data/EXP/data_fmriprep/fmriprep/sub-221261/func/nfas-sub-221261_task-clockRev_run-1_space-MNI152NLin2009cAsym_desc-preproc_bold.nii.gz
0.6,1,/ix1/adombrovski/DNPL_DataMesh/Data/EXP/data_fmriprep/fmriprep/sub-440200/func/nfas-sub-440200_task-clockRev_run-2_space-MNI152NLin2009cAsym_desc-preproc_bold.nii.gz
0.6,1,/ix1/adombrovski/DNPL_DataMesh/Data/EXP/data_fmriprep/fmriprep/sub-440149/func/nfas-sub-440149_task-clockRev_run-2_space-MNI152NLin2009cAsym_desc-preproc_bold.nii.gz
0.6,1,/ix1/adombrovski/DNPL_DataMesh/Data/EXP/data_fmriprep/fmriprep/sub-37542/func/nfas-sub-37542_task-clockRev_run-1_space-MNI152NLin2009cAsym_desc-preproc_bold.nii.gz
0.6,1,/ix1/adombrovski/DNPL_DataMesh/Data/EXP/data_fmriprep/fmriprep/sub-440340/func/nfas-sub-440340_task-clockRev_run-2_space-MNI152NLin2009cAsym_desc-preproc_bold.nii.gz
0.6,1,/ix1/adombrovski/DNPL_DataMesh/Data/EXP/data_fmriprep/fmriprep/sub-440120/func/nfas-sub-440120_task-clockRev_run-2_space-MNI152NLin2009cAsym_desc-preproc_bold.nii.gz
0.6,1,/ix1/adombrovski/DNPL_DataMesh/Data/EXP/data_fmriprep/fmriprep/sub-440247/func/nfas-sub-440247_task-clockRev_run-1_space-MNI152NLin2009cAsym_desc-preproc_bold.nii.gz
0.6,1,/ix1/adombrovski/DNPL_DataMesh/Data/EXP/data_fmriprep/fmriprep/sub-440042/func/nfas-sub-440042_task-clockRev_run-2_space-MNI152NLin2009cAsym_desc-preproc_bold.nii.gz
0.6,1,/ix1/adombrovski/DNPL_DataMesh/Data/EXP/data_fmriprep/fmriprep/sub-440215/func/nfas-sub-440215_task-clockRev_run-1_space-MNI152NLin2009cAsym_desc-preproc_bold.nii.gz
0.6,1,/ix1/adombrovski/DNPL_DataMesh/Data/EXP/data_fmriprep/fmriprep/sub-440263/func/nfas-sub-440263_task-clockRev_run-1_space-MNI152NLin2009cAsym_desc-preproc_bold.nii.gz
0.6,1,/ix1/adombrovski/DNPL_DataMesh/Data/EXP/data_fmriprep/fmriprep/sub-440184/func/nfas-sub-440184_task-clockRev_run-1_space-MNI152NLin2009cAsym_desc-preproc_bold.nii.gz
0.6,1,/ix1/adombrovski/DNPL_DataMesh/Data/EXP/data_fmriprep/fmriprep/sub-440149/func/nfas-sub-440149_task-clockRev_run-1_space-MNI152NLin2009cAsym_desc-preproc_bold.nii.gz
0.6,1,/ix1/adombrovski/DNPL_DataMesh/Data/EXP/data_fmriprep/fmriprep/sub-440340/func/nfas-sub-440340_task-clockRev_run-1_space-MNI152NLin2009cAsym_desc-preproc_bold.nii.gz
0.6,1,/ix1/adombrovski/DNPL_DataMesh/Data/EXP/data_fmriprep/fmriprep/sub-440184/func/nfas-sub-440184_task-clockRev_run-2_space-MNI152NLin2009cAsym_desc-preproc_bold.nii.gz
0.6,1,/ix1/adombrovski/DNPL_DataMesh/Data/EXP/data_fmriprep/fmriprep/sub-440196/func/nfas-sub-440196_task-clockRev_run-1_space-MNI152NLin2009cAsym_desc-preproc_bold.nii.gz
0.6,1,/ix1/adombrovski/DNPL_DataMesh/Data/EXP/data_fmriprep/fmriprep/sub-440335/func/nfas-sub-440335_task-clockRev_run-1_space-MNI152NLin2009cAsym_desc-preproc_bold.nii.gz
0.6,1,/ix1/adombrovski/DNPL_DataMesh/Data/EXP/data_fmriprep/fmriprep/sub-440181/func/nfas-sub-440181_task-clockRev_run-2_space-MNI152NLin2009cAsym_desc-preproc_bold.nii.gz
0.6,1,/ix1/adombrovski/DNPL_DataMesh/Data/EXP/data_fmriprep/fmriprep/sub-440292/func/nfas-sub-440292_task-clockRev_run-2_space-MNI152NLin2009cAsym_desc-preproc_bold.nii.gz
0.6,1,/ix1/adombrovski/DNPL_DataMesh/Data/EXP/data_fmriprep/fmriprep/sub-440200/func/nfas-sub-440200_task-clockRev_run-1_space-MNI152NLin2009cAsym_desc-preproc_bold.nii.gz
0.6,1,/ix1/adombrovski/DNPL_DataMesh/Data/EXP/data_fmriprep/fmriprep/sub-440323/func/nfas-sub-440323_task-clockRev_run-1_space-MNI152NLin2009cAsym_desc-preproc_bold.nii.gz
0.6,1,/ix1/adombrovski/DNPL_DataMesh/Data/EXP/data_fmriprep/fmriprep/sub-440182/func/nfas-sub-440182_task-clockRev_run-1_space-MNI152NLin2009cAsym_desc-preproc_bold.nii.gz
0.6,1,/ix1/adombrovski/DNPL_DataMesh/Data/EXP/data_fmriprep/fmriprep/sub-440199/func/nfas-sub-440199_task-clockRev_run-1_space-MNI152NLin2009cAsym_desc-preproc_bold.nii.gz
0.6,1,/ix1/adombrovski/DNPL_DataMesh/Data/EXP/data_fmriprep/fmriprep/sub-440042/func/nfas-sub-440042_task-clockRev_run-1_space-MNI152NLin2009cAsym_desc-preproc_bold.nii.gz
0.6,1,/ix1/adombrovski/DNPL_DataMesh/Data/EXP/data_fmriprep/fmriprep/sub-440237/func/nfas-sub-440237_task-clockRev_run-1_space-MNI152NLin2009cAsym_desc-preproc_bold.nii.gz
0.6,1,/ix1/adombrovski/DNPL_DataMesh/Data/EXP/data_fmriprep/fmriprep/sub-440243/func/nfas-sub-440243_task-clockRev_run-2_space-MNI152NLin2009cAsym_desc-preproc_bold.nii.gz
0.6,1,/ix1/adombrovski/DNPL_DataMesh/Data/EXP/data_fmriprep/fmriprep/sub-440166/func/nfas-sub-440166_task-clockRev_run-1_space-MNI152NLin2009cAsym_desc-preproc_bold.nii.gz
0.6,1,/ix1/adombrovski/DNPL_DataMesh/Data/EXP/data_fmriprep/fmriprep/sub-440295/func/nfas-sub-440295_task-clockRev_run-2_space-MNI152NLin2009cAsym_desc-preproc_bold.nii.gz
0.6,1,/ix1/adombrovski/DNPL_DataMesh/Data/EXP/data_fmriprep/fmriprep/sub-440247/func/nfas-sub-440247_task-clockRev_run-2_space-MNI152NLin2009cAsym_desc-preproc_bold.nii.gz
0.6,1,/ix1/adombrovski/DNPL_DataMesh/Data/EXP/data_fmriprep/fmriprep/sub-440216/func/nfas-sub-440216_task-clockRev_run-1_space-MNI152NLin2009cAsym_desc-preproc_bold.nii.gz
0.6,1,/ix1/adombrovski/DNPL_DataMesh/Data/EXP/data_fmriprep/fmriprep/sub-440215/func/nfas-sub-440215_task-clockRev_run-2_space-MNI152NLin2009cAsym_desc-preproc_bold.nii.gz
0.6,1,/ix1/adombrovski/DNPL_DataMesh/Data/EXP/data_fmriprep/fmriprep/sub-440216/func/nfas-sub-440216_task-clockRev_run-2_space-MNI152NLin2009cAsym_desc-preproc_bold.nii.gz
0.6,1,/ix1/adombrovski/DNPL_DataMesh/Data/EXP/data_fmriprep/fmriprep/sub-440199/func/nfas-sub-440199_task-clockRev_run-2_space-MNI152NLin2009cAsym_desc-preproc_bold.nii.gz
0.6,1,/ix1/adombrovski/DNPL_DataMesh/Data/EXP/data_fmriprep/fmriprep/sub-440266/func/nfas-sub-440266_task-clockRev_run-2_space-MNI152NLin2009cAsym_desc-preproc_bold.nii.gz
0.6,1,/ix1/adombrovski/DNPL_DataMesh/Data/EXP/data_fmriprep/fmriprep/sub-440301/func/nfas-sub-440301_task-clockRev_run-2_space-MNI152NLin2009cAsym_desc-preproc_bold.nii.gz
0.6,1,/ix1/adombrovski/DNPL_DataMesh/Data/EXP/data_fmriprep/fmriprep/sub-440266/func/nfas-sub-440266_task-clockRev_run-1_space-MNI152NLin2009cAsym_desc-preproc_bold.nii.gz
0.6,1,/ix1/adombrovski/DNPL_DataMesh/Data/EXP/data_fmriprep/fmriprep/sub-440329/func/nfas-sub-440329_task-clockRev_run-1_space-MNI152NLin2009cAsym_desc-preproc_bold.nii.gz
0.6,1,/ix1/adombrovski/DNPL_DataMesh/Data/EXP/data_fmriprep/fmriprep/sub-440323/func/nfas-sub-440323_task-clockRev_run-2_space-MNI152NLin2009cAsym_desc-preproc_bold.nii.gz
0.6,1,/ix1/adombrovski/DNPL_DataMesh/Data/EXP/data_fmriprep/fmriprep/sub-440329/func/nfas-sub-440329_task-clockRev_run-2_space-MNI152NLin2009cAsym_desc-preproc_bold.nii.gz
0.6,1,/ix1/adombrovski/DNPL_DataMesh/Data/EXP/data_fmriprep/fmriprep/sub-440292/func/nfas-sub-440292_task-clockRev_run-1_space-MNI152NLin2009cAsym_desc-preproc_bold.nii.gz
0.6,1,/ix1/adombrovski/DNPL_DataMesh/Data/EXP/data_fmriprep/fmriprep/sub-440355/func/nfas-sub-440355_task-clockRev_run-2_space-MNI152NLin2009cAsym_desc-preproc_bold.nii.gz
0.6,1,/ix1/adombrovski/DNPL_DataMesh/Data/EXP/data_fmriprep/fmriprep/sub-440335/func/nfas-sub-440335_task-clockRev_run-2_space-MNI152NLin2009cAsym_desc-preproc_bold.nii.gz
0.6,1,/ix1/adombrovski/DNPL_DataMesh/Data/EXP/data_fmriprep/fmriprep/sub-440393/func/nfas-sub-440393_task-clockRev_run-2_space-MNI152NLin2009cAsym_desc-preproc_bold.nii.gz
0.6,1,/ix1/adombrovski/DNPL_DataMesh/Data/EXP/data_fmriprep/fmriprep/sub-440330/func/nfas-sub-440330_task-clockRev_run-1_space-MNI152NLin2009cAsym_desc-preproc_bold.nii.gz
0.6,1,/ix1/adombrovski/DNPL_DataMesh/Data/EXP/data_fmriprep/fmriprep/sub-440254/func/nfas-sub-440254_task-clockRev_run-2_space-MNI152NLin2009cAsym_desc-preproc_bold.nii.gz
0.6,1,/ix1/adombrovski/DNPL_DataMesh/Data/EXP/data_fmriprep/fmriprep/sub-440361/func/nfas-sub-440361_task-clockRev_run-2_space-MNI152NLin2009cAsym_desc-preproc_bold.nii.gz
0.6,1,/ix1/adombrovski/DNPL_DataMesh/Data/EXP/data_fmriprep/fmriprep/sub-440311/func/nfas-sub-440311_task-clockRev_run-1_space-MNI152NLin2009cAsym_desc-preproc_bold.nii.gz
0.6,1,/ix1/adombrovski/DNPL_DataMesh/Data/EXP/data_fmriprep/fmriprep/sub-440392/func/nfas-sub-440392_task-clockRev_run-1_space-MNI152NLin2009cAsym_desc-preproc_bold.nii.gz
0.6,1,/ix1/adombrovski/DNPL_DataMesh/Data/EXP/data_fmriprep/fmriprep/sub-440330/func/nfas-sub-440330_task-clockRev_run-2_space-MNI152NLin2009cAsym_desc-preproc_bold.nii.gz
0.6,1,/ix1/adombrovski/DNPL_DataMesh/Data/EXP/data_fmriprep/fmriprep/sub-440355/func/nfas-sub-440355_task-clockRev_run-1_space-MNI152NLin2009cAsym_desc-preproc_bold.nii.gz
0.6,1,/ix1/adombrovski/DNPL_DataMesh/Data/EXP/data_fmriprep/fmriprep/sub-440368/func/nfas-sub-440368_task-clockRev_run-2_space-MNI152NLin2009cAsym_desc-preproc_bold.nii.gz
0.6,1,/ix1/adombrovski/DNPL_DataMesh/Data/EXP/data_fmriprep/fmriprep/sub-440336/func/nfas-sub-440336_task-clockRev_run-2_space-MNI152NLin2009cAsym_desc-preproc_bold.nii.gz
0.6,1,/ix1/adombrovski/DNPL_DataMesh/Data/EXP/data_fmriprep/fmriprep/sub-440393/func/nfas-sub-440393_task-clockRev_run-1_space-MNI152NLin2009cAsym_desc-preproc_bold.nii.gz
0.6,1,/ix1/adombrovski/DNPL_DataMesh/Data/EXP/data_fmriprep/fmriprep/sub-881230/func/nfas-sub-881230_task-clockRev_run-1_space-MNI152NLin2009cAsym_desc-preproc_bold.nii.gz
0.6,1,/ix1/adombrovski/DNPL_DataMesh/Data/EXP/data_fmriprep/fmriprep/sub-440311/func/nfas-sub-440311_task-clockRev_run-2_space-MNI152NLin2009cAsym_desc-preproc_bold.nii.gz
0.6,1,/ix1/adombrovski/DNPL_DataMesh/Data/EXP/data_fmriprep/fmriprep/sub-440368/func/nfas-sub-440368_task-clockRev_run-1_space-MNI152NLin2009cAsym_desc-preproc_bold.nii.gz
0.6,1,/ix1/adombrovski/DNPL_DataMesh/Data/EXP/data_fmriprep/fmriprep/sub-440392/func/nfas-sub-440392_task-clockRev_run-2_space-MNI152NLin2009cAsym_desc-preproc_bold.nii.gz
0.6,1,/ix1/adombrovski/DNPL_DataMesh/Data/EXP/data_fmriprep/fmriprep/sub-440301/func/nfas-sub-440301_task-clockRev_run-1_space-MNI152NLin2009cAsym_desc-preproc_bold.nii.gz
0.6,1,/ix1/adombrovski/DNPL_DataMesh/Data/EXP/data_fmriprep/fmriprep/sub-440361/func/nfas-sub-440361_task-clockRev_run-1_space-MNI152NLin2009cAsym_desc-preproc_bold.nii.gz
0.6,1,/ix1/adombrovski/DNPL_DataMesh/Data/EXP/data_fmriprep/fmriprep/sub-440423/func/nfas-sub-440423_task-clockRev_run-2_space-MNI152NLin2009cAsym_desc-preproc_bold.nii.gz
0.6,1,/ix1/adombrovski/DNPL_DataMesh/Data/EXP/data_fmriprep/fmriprep/sub-881224/func/nfas-sub-881224_task-clockRev_run-2_space-MNI152NLin2009cAsym_desc-preproc_bold.nii.gz
0.6,1,/ix1/adombrovski/DNPL_DataMesh/Data/EXP/data_fmriprep/fmriprep/sub-440423/func/nfas-sub-440423_task-clockRev_run-1_space-MNI152NLin2009cAsym_desc-preproc_bold.nii.gz
0.6,1,/ix1/adombrovski/DNPL_DataMesh/Data/EXP/data_fmriprep/fmriprep/sub-440336/func/nfas-sub-440336_task-clockRev_run-1_space-MNI152NLin2009cAsym_desc-preproc_bold.nii.gz
0.6,1,/ix1/adombrovski/DNPL_DataMesh/Data/EXP/data_fmriprep/fmriprep/sub-881230/func/nfas-sub-881230_task-clockRev_run-2_space-MNI152NLin2009cAsym_desc-preproc_bold.nii.gz
0.6,1,/ix1/adombrovski/DNPL_DataMesh/Data/EXP/data_fmriprep/fmriprep/sub-440337/func/nfas-sub-440337_task-clockRev_run-2_space-MNI152NLin2009cAsym_desc-preproc_bold.nii.gz
0.6,1,/ix1/adombrovski/DNPL_DataMesh/Data/EXP/data_fmriprep/fmriprep/sub-440359/func/nfas-sub-440359_task-clockRev_run-1_space-MNI152NLin2009cAsym_desc-preproc_bold.nii.gz
0.6,1,/ix1/adombrovski/DNPL_DataMesh/Data/EXP/data_fmriprep/fmriprep/sub-440337/func/nfas-sub-440337_task-clockRev_run-1_space-MNI152NLin2009cAsym_desc-preproc_bold.nii.gz
